Prime_p,6N_Wing,Mod_24,Mod_7,Mod_13,a_7,a_13
5,-1,5,5,5,-1,-2
7,1,7,0,7,0,7
11,-1,11,4,11,-5,-5
13,1,13,6,0,-4,0
17,-1,17,3,4,5,-7
19,1,19,5,6,-1,7
23,-1,23,2,10,1,5
29,-1,5,1,3,4,5
31,1,7,3,5,5,-2
37,1,13,2,11,1,-5
41,-1,17,6,2,-4,-5
43,1,19,1,4,4,-7
47,-1,23,5,8,-1,-2
53,-1,5,4,1,-5,2
59,-1,11,3,7,5,7
61,1,13,5,9,-1,-7
67,1,19,4,2,-5,-5
71,-1,23,1,6,4,7
73,1,1,3,8,5,-2
79,1,7,2,1,1,2
83,-1,11,6,5,-4,-2
89,-1,17,5,11,-1,-5
97,1,1,6,6,-4,7
101,-1,5,3,10,5,5
103,1,7,5,12,-1,2
107,-1,11,2,3,1,5
109,1,13,4,5,-5,-2
113,-1,17,1,9,4,-7
127,1,7,1,10,4,5
131,-1,11,5,1,-1,2
137,-1,17,4,7,-5,7
139,1,19,6,9,-4,-7
149,-1,5,2,6,1,7
151,1,7,4,8,-5,-2
157,1,13,3,1,5,2
163,1,19,2,7,1,7
167,-1,23,6,11,-4,-5
173,-1,5,5,4,-1,-7
179,-1,11,4,10,-5,5
181,1,13,6,12,-4,2
191,-1,23,2,9,1,-7
193,1,1,4,11,-5,-5
197,-1,5,1,2,4,-5
199,1,7,3,4,5,-7
211,1,19,1,3,4,5
223,1,7,6,2,-4,-5
227,-1,11,3,6,5,7
229,1,13,5,8,-1,-2
233,-1,17,2,12,1,2
239,-1,23,1,5,4,-2
241,1,1,3,7,5,7
251,-1,11,6,4,-4,-7
257,-1,17,5,10,-1,5
263,-1,23,4,3,-5,5
269,-1,5,3,9,5,-7
271,1,7,5,11,-1,-5
277,1,13,4,4,-5,-7
281,-1,17,1,8,4,-2
283,1,19,3,10,5,5
293,-1,5,6,7,-4,7
307,1,19,6,8,-4,-2
311,-1,23,3,12,5,2
313,1,1,5,1,-1,2
317,-1,5,2,5,1,-2
331,1,19,2,6,1,7
337,1,1,1,12,4,2
347,-1,11,4,9,-5,-7
349,1,13,6,11,-4,-5
353,-1,17,3,2,5,-5
359,-1,23,2,8,1,-2
367,1,7,3,3,5,5
373,1,13,2,9,1,-7
379,1,19,1,2,4,-5
383,-1,23,5,6,-1,7
389,-1,5,4,12,-5,2
397,1,13,5,7,-1,7
401,-1,17,2,11,1,-5
409,1,1,3,6,5,7
419,-1,11,6,3,-4,5
421,1,13,1,5,4,-2
431,-1,23,4,2,-5,-5
433,1,1,6,4,-4,-7
439,1,7,5,10,-1,5
443,-1,11,2,1,1,2
449,-1,17,1,7,4,7
457,1,1,2,2,1,-5
461,-1,5,6,6,-4,7
463,1,7,1,8,4,-2
467,-1,11,5,12,-1,2
479,-1,23,3,11,5,-5
487,1,7,4,6,-5,7
491,-1,11,1,10,4,5
499,1,19,2,5,1,-2
503,-1,23,6,9,-4,-7
509,-1,5,5,2,-1,-5
521,-1,17,3,1,5,2
523,1,19,5,3,-1,5
541,1,13,2,8,1,-2
547,1,19,1,1,4,2
557,-1,5,4,11,-5,-5
563,-1,11,3,4,5,-7
569,-1,17,2,10,1,5
571,1,19,4,12,-5,2
577,1,1,3,5,5,-2
587,-1,11,6,2,-4,-5
593,-1,17,5,8,-1,-2
599,-1,23,4,1,-5,2
601,1,1,6,3,-4,5
607,1,7,5,9,-1,-7
613,1,13,4,2,-5,-5
617,-1,17,1,6,4,7
619,1,19,3,8,5,-2
631,1,7,1,7,4,7
641,-1,17,4,4,-5,-7
643,1,19,6,6,-4,7
647,-1,23,3,10,5,5
653,-1,5,2,3,1,5
659,-1,11,1,9,4,-7
661,1,13,3,11,5,-5
673,1,1,1,10,4,5
677,-1,5,5,1,-1,2
683,-1,11,4,7,-5,7
691,1,19,5,2,-1,-5
701,-1,5,1,12,4,2
709,1,13,2,7,1,7
719,-1,23,5,4,-1,-7
727,1,7,6,12,-4,2
733,1,13,5,5,-1,-2
739,1,19,4,11,-5,-5
743,-1,23,1,2,4,-5
751,1,7,2,10,1,5
757,1,13,1,3,4,5
761,-1,17,5,7,-1,7
769,1,1,6,2,-4,-5
773,-1,5,3,6,5,7
787,1,19,3,7,5,7
797,-1,5,6,4,-4,-7
809,-1,17,4,3,-5,5
811,1,19,6,5,-4,-2
821,-1,5,2,2,1,-5
823,1,7,4,4,-5,-7
827,-1,11,1,8,4,-2
829,1,13,3,10,5,5
839,-1,23,6,7,-4,7
853,1,13,6,8,-4,-2
857,-1,17,3,12,5,2
859,1,19,5,1,-1,2
863,-1,23,2,5,1,-2
877,1,13,2,6,1,7
881,-1,17,6,10,-4,5
883,1,19,1,12,4,2
887,-1,23,5,3,-1,5
907,1,19,4,10,-5,5
911,-1,23,1,1,4,2
919,1,7,2,9,1,-7
929,-1,17,5,6,-1,7
937,1,1,6,1,-4,2
941,-1,5,3,5,5,-2
947,-1,11,2,11,1,-5
953,-1,17,1,4,4,-7
967,1,7,1,5,4,-2
971,-1,11,5,9,-1,-7
977,-1,17,4,2,-5,-5
983,-1,23,3,8,5,-2
991,1,7,4,3,-5,5
997,1,13,3,9,5,-7
1009,1,1,1,8,4,-2
1013,-1,5,5,12,-1,2
1019,-1,11,4,5,-5,-2
1021,1,13,6,7,-4,7
1031,-1,23,2,4,1,-7
1033,1,1,4,6,-5,7
1039,1,7,3,12,5,2
1049,-1,17,6,9,-4,-7
1051,1,19,1,11,4,-5
1061,-1,5,4,8,-5,-2
1063,1,7,6,10,-4,5
1069,1,13,5,3,-1,5
1087,1,7,2,8,1,-2
1091,-1,11,6,12,-4,2
1093,1,13,1,1,4,2
1097,-1,17,5,5,-1,-2
1103,-1,23,4,11,-5,-5
1109,-1,5,3,4,5,-7
1117,1,13,4,12,-5,2
1123,1,19,3,5,5,-2
1129,1,1,2,11,1,-5
1151,-1,23,3,7,5,7
1153,1,1,5,9,-1,-7
1163,-1,11,1,6,4,7
1171,1,19,2,1,1,2
1181,-1,5,5,11,-1,-5
1187,-1,11,4,4,-5,-7
1193,-1,17,3,10,5,5
1201,1,1,4,5,-5,-2
1213,1,13,2,4,1,-7
1217,-1,17,6,8,-4,-2
1223,-1,23,5,1,-1,2
1229,-1,5,4,7,-5,7
1231,1,7,6,9,-4,-7
1237,1,13,5,2,-1,-5
1249,1,1,3,1,5,2
1259,-1,11,6,11,-4,-5
1277,-1,5,3,3,5,5
1279,1,7,5,5,-1,-2
1283,-1,11,2,9,1,-7
1289,-1,17,1,2,4,-5
1291,1,19,3,4,5,-7
1297,1,1,2,10,1,5
1301,-1,5,6,1,-4,2
1303,1,7,1,3,4,5
1307,-1,11,5,7,-1,7
1319,-1,23,3,6,5,7
1321,1,1,5,8,-1,-2
1327,1,7,4,1,-5,2
1361,-1,17,3,9,5,-7
1367,-1,23,2,2,1,-5
1373,-1,5,1,8,4,-2
1381,1,13,2,3,1,5
1399,1,7,6,8,-4,-2
1409,-1,17,2,5,1,-2
1423,1,7,2,6,1,7
1427,-1,11,6,10,-4,5
1429,1,13,1,12,4,2
1433,-1,17,5,3,-1,5
1439,-1,23,4,9,-5,-7
1447,1,7,5,4,-1,-7
1451,-1,11,2,8,1,-2
1453,1,13,4,10,-5,5
1459,1,19,3,3,5,5
1471,1,7,1,2,4,-5
1481,-1,17,4,12,-5,2
1483,1,19,6,1,-4,2
1487,-1,23,3,5,5,-2
1489,1,1,5,7,-1,7
1493,-1,5,2,11,1,-5
1499,-1,11,1,4,4,-7
1511,-1,23,6,3,-4,5
1523,-1,11,4,2,-5,-5
1531,1,19,5,10,-1,5
1543,1,7,3,9,5,-7
1549,1,13,2,2,1,-5
1553,-1,17,6,6,-4,7
1559,-1,23,5,12,-1,2
1567,1,7,6,7,-4,7
1571,-1,11,3,11,5,-5
1579,1,19,4,6,-5,7
1583,-1,23,1,10,4,5
1597,1,13,1,11,4,-5
1601,-1,17,5,2,-1,-5
1607,-1,23,4,8,-5,-2
1609,1,1,6,10,-4,5
1613,-1,5,3,1,5,2
1619,-1,11,2,7,1,7
1621,1,13,4,9,-5,-7
1627,1,19,3,2,5,-5
1637,-1,5,6,12,-4,2
1657,1,1,5,6,-1,7
1663,1,7,4,12,-5,2
1667,-1,11,1,3,4,5
1669,1,13,3,5,5,-2
1693,1,13,6,3,-4,5
1697,-1,17,3,7,5,7
1699,1,19,5,9,-1,-7
1709,-1,5,1,6,4,7
1721,-1,17,6,5,-4,-2
1723,1,19,1,7,4,7
1733,-1,5,4,4,-5,-7
1741,1,13,5,12,-1,2
1747,1,19,4,5,-5,-2
1753,1,1,3,11,5,-5
1759,1,7,2,4,1,-7
1777,1,1,6,9,-4,-7
1783,1,7,5,2,-1,-5
1787,-1,11,2,6,1,7
1789,1,13,4,8,-5,-2
1801,1,1,2,7,1,7
1811,-1,11,5,4,-1,-7
1823,-1,23,3,3,5,5
1831,1,7,4,11,-5,-5
1847,-1,23,6,1,-4,2
1861,1,13,6,2,-4,-5
1867,1,19,5,8,-1,-2
1871,-1,23,2,12,1,2
1873,1,1,4,1,-5,2
1877,-1,5,1,5,4,-2
1879,1,7,3,7,5,7
1889,-1,17,6,4,-4,-7
1901,-1,5,4,3,-5,5
1907,-1,11,3,9,5,-7
1913,-1,17,2,2,1,-5
1931,-1,11,6,7,-4,7
1933,1,13,1,9,4,-7
1949,-1,5,3,12,5,2
1951,1,7,5,1,-1,2
1973,-1,5,6,10,-4,5
1979,-1,11,5,3,-1,5
1987,1,19,6,11,-4,-5
1993,1,1,5,4,-1,-7
1997,-1,5,2,8,1,-2
1999,1,7,4,10,-5,5
2003,-1,11,1,1,4,2
2011,1,19,2,9,1,-7
2017,1,1,1,2,4,-5
2027,-1,11,4,12,-5,2
2029,1,13,6,1,-4,2
2039,-1,23,2,11,1,-5
2053,1,13,2,12,1,2
2063,-1,23,5,9,-1,-7
2069,-1,5,4,2,-5,-5
2081,-1,17,2,1,1,2
2083,1,19,4,3,-5,5
2087,-1,23,1,7,4,7
2089,1,1,3,9,5,-7
2099,-1,11,6,6,-4,7
2111,-1,23,4,5,-5,-2
2113,1,1,6,7,-4,7
2129,-1,17,1,10,4,5
2131,1,19,3,12,5,2
2137,1,1,2,5,1,-2
2141,-1,5,6,9,-4,-7
2143,1,7,1,11,4,-5
2153,-1,17,4,8,-5,-2
2161,1,1,5,3,-1,5
2179,1,19,2,8,1,-2
2203,1,19,5,6,-1,7
2207,-1,23,2,10,1,5
2213,-1,5,1,3,4,5
2221,1,13,2,11,1,-5
2237,-1,5,4,1,-5,2
2239,1,7,6,3,-4,5
2243,-1,11,3,7,5,7
2251,1,19,4,2,-5,-5
2267,-1,11,6,5,-4,-2
2269,1,13,1,7,4,7
2273,-1,17,5,11,-1,-5
2281,1,1,6,6,-4,7
2287,1,7,5,12,-1,2
2293,1,13,4,5,-5,-2
2297,-1,17,1,9,4,-7
2309,-1,5,6,8,-4,-2
2311,1,7,1,10,4,5
2333,-1,5,2,6,1,7
2339,-1,11,1,12,4,2
2341,1,13,3,1,5,2
2347,1,19,2,7,1,7
2351,-1,23,6,11,-4,-5
2357,-1,5,5,4,-1,-7
2371,1,19,5,5,-1,-2
2377,1,1,4,11,-5,-5
2381,-1,5,1,2,4,-5
2383,1,7,3,4,5,-7
2389,1,13,2,10,1,5
2393,-1,17,6,1,-4,2
2399,-1,23,5,7,-1,7
2411,-1,11,3,6,5,7
2417,-1,17,2,12,1,2
2423,-1,23,1,5,4,-2
2437,1,13,1,6,4,7
2441,-1,17,5,10,-1,5
2447,-1,23,4,3,-5,5
2459,-1,11,2,2,1,-5
2467,1,19,3,10,5,5
2473,1,1,2,3,1,5
2477,-1,5,6,7,-4,7
2503,1,7,4,7,-5,7
2521,1,1,1,12,4,2
2531,-1,11,4,9,-5,-7
2539,1,19,5,4,-1,-7
2543,-1,23,2,8,1,-2
2549,-1,5,1,1,4,2
2551,1,7,3,3,5,5
2557,1,13,2,9,1,-7
2579,-1,11,3,5,5,-2
2591,-1,23,1,4,4,-7
2593,1,1,3,6,5,7
2609,-1,17,5,9,-1,-7
2617,1,1,6,4,-4,-7
2621,-1,5,3,8,5,-2
2633,-1,17,1,7,4,7
2647,1,7,1,8,4,-2
2657,-1,17,4,5,-5,-2
2659,1,19,6,7,-4,7
2663,-1,23,3,11,5,-5
2671,1,7,4,6,-5,7
2677,1,13,3,12,5,2
2683,1,19,2,5,1,-2
2687,-1,23,6,9,-4,-7
2689,1,1,1,11,4,-5
2693,-1,5,5,2,-1,-5
2699,-1,11,4,8,-5,-2
2707,1,19,5,3,-1,5
2711,-1,23,2,7,1,7
2713,1,1,4,9,-5,-7
2719,1,7,3,2,5,-5
2729,-1,17,6,12,-4,2
2731,1,19,1,1,4,2
2741,-1,5,4,11,-5,-5
2749,1,13,5,6,-1,7
2753,-1,17,2,10,1,5
2767,1,7,2,11,1,-5
2777,-1,17,5,8,-1,-2
2789,-1,5,3,7,5,7
2791,1,7,5,9,-1,-7
2797,1,13,4,2,-5,-5
2801,-1,17,1,6,4,7
2803,1,19,3,8,5,-2
2819,-1,11,5,11,-1,-5
2833,1,1,5,12,-1,2
2837,-1,5,2,3,1,5
2843,-1,11,1,9,4,-7
2851,1,19,2,4,1,-7
2857,1,1,1,10,4,5
2861,-1,5,5,1,-1,2
2879,-1,23,2,6,1,7
2887,1,7,3,1,5,2
2897,-1,17,6,11,-4,-5
2903,-1,23,5,4,-1,-7
2909,-1,5,4,10,-5,5
2917,1,13,5,5,-1,-2
2927,-1,23,1,2,4,-5
2939,-1,11,6,1,-4,2
2953,1,1,6,2,-4,-5
2957,-1,5,3,6,5,7
2963,-1,11,2,12,1,2
2969,-1,17,1,5,4,-2
2971,1,19,3,7,5,7
2999,-1,23,3,9,5,-7
3001,1,1,5,11,-1,-5
3011,-1,11,1,8,4,-2
3019,1,19,2,3,1,5
3023,-1,23,6,7,-4,7
3037,1,13,6,8,-4,-2
3041,-1,17,3,12,5,2
3049,1,1,4,7,-5,7
3061,1,13,2,6,1,7
3067,1,19,1,12,4,2
3079,1,7,6,11,-4,-5
3083,-1,11,3,2,5,-5
3089,-1,17,2,8,1,-2
3109,1,13,1,2,4,-5
3119,-1,23,4,12,-5,2
3121,1,1,6,1,-4,2
3137,-1,17,1,4,4,-7
3163,1,19,6,4,-4,-7
3167,-1,23,3,8,5,-2
3169,1,1,5,10,-1,5
3181,1,13,3,9,5,-7
3187,1,19,2,2,1,-5
3191,-1,23,6,6,-4,7
3203,-1,11,4,5,-5,-2
3209,-1,17,3,11,5,-5
3217,1,1,4,6,-5,7
3221,-1,5,1,10,4,5
3229,1,13,2,5,1,-2
3251,-1,11,3,1,5,2
3253,1,13,5,3,-1,5
3257,-1,17,2,7,1,7
3259,1,19,4,9,-5,-7
3271,1,7,2,8,1,-2
3299,-1,11,2,10,1,5
3301,1,13,4,12,-5,2
3307,1,19,3,5,5,-2
3313,1,1,2,11,1,-5
3319,1,7,1,4,4,-7
3323,-1,11,5,8,-1,-2
3329,-1,17,4,1,-5,2
3331,1,19,6,3,-4,5
3343,1,7,4,2,-5,-5
3347,-1,11,1,6,4,7
3359,-1,23,6,5,-4,-2
3361,1,1,1,7,4,7
3371,-1,11,4,4,-5,-7
3373,1,13,6,6,-4,7
3389,-1,5,1,9,4,-7
3391,1,7,3,11,5,-5
3407,-1,23,5,1,-1,2
3413,-1,5,4,7,-5,7
3433,1,1,3,1,5,2
3449,-1,17,5,4,-1,-7
3457,1,1,6,12,-4,2
3461,-1,5,3,3,5,5
3463,1,7,5,5,-1,-2
3467,-1,11,2,9,1,-7
3469,1,13,4,11,-5,-5
3491,-1,11,5,7,-1,7
3499,1,19,6,2,-4,-5
3511,1,7,4,1,-5,2
3517,1,13,3,7,5,7
3527,-1,23,6,4,-4,-7
3529,1,1,1,6,4,7
3533,-1,5,5,10,-1,5
3539,-1,11,4,3,-5,5
3541,1,13,6,5,-4,-2
3547,1,19,5,11,-1,-5
3557,-1,5,1,8,4,-2
3559,1,7,3,10,5,5
3571,1,19,1,9,4,-7
3581,-1,5,4,6,-5,7
3583,1,7,6,8,-4,-2
3593,-1,17,2,5,1,-2
3607,1,7,2,6,1,7
3613,1,13,1,12,4,2
3617,-1,17,5,3,-1,5
3623,-1,23,4,9,-5,-7
3631,1,7,5,4,-1,-7
3637,1,13,4,10,-5,5
3643,1,19,3,3,5,5
3659,-1,11,5,6,-1,7
3671,-1,23,3,5,5,-2
3673,1,1,5,7,-1,7
3677,-1,5,2,11,1,-5
3691,1,19,2,12,1,2
3697,1,1,1,5,4,-2
3701,-1,5,5,9,-1,-7
3709,1,13,6,4,-4,-7
3719,-1,23,2,1,1,2
3727,1,7,3,9,5,-7
3733,1,13,2,2,1,-5
3739,1,19,1,8,4,-2
3761,-1,17,2,4,1,-7
3767,-1,23,1,10,4,5
3769,1,1,3,12,5,2
3779,-1,11,6,9,-4,-7
3793,1,1,6,10,-4,5
3797,-1,5,3,1,5,2
3803,-1,11,2,7,1,7
3821,-1,5,6,12,-4,2
3823,1,7,1,1,4,2
3833,-1,17,4,11,-5,-5
3847,1,7,4,12,-5,2
3851,-1,11,1,3,4,5
3853,1,13,3,5,5,-2
3863,-1,23,6,2,-4,-5
3877,1,13,6,3,-4,5
3881,-1,17,3,7,5,7
3889,1,1,4,2,-5,-5
3907,1,19,1,7,4,7
3911,-1,23,5,11,-1,-5
3917,-1,5,4,4,-5,-7
3919,1,7,6,6,-4,7
3923,-1,11,3,10,5,5
3929,-1,17,2,3,1,5
3931,1,19,4,5,-5,-2
3943,1,7,2,4,1,-7
3947,-1,11,6,8,-4,-2
3967,1,7,5,2,-1,-5
3989,-1,5,6,11,-4,-5
4001,-1,17,4,10,-5,5
4003,1,19,6,12,-4,2
4007,-1,23,3,3,5,5
4013,-1,5,2,9,1,-7
4019,-1,11,1,2,4,-5
4021,1,13,3,4,5,-7
4027,1,19,2,10,1,5
4049,-1,17,3,6,5,7
4051,1,19,5,8,-1,-2
4057,1,1,4,1,-5,2
4073,-1,17,6,4,-4,-7
4079,-1,23,5,10,-1,5
4091,-1,11,3,9,5,-7
4093,1,13,5,11,-1,-5
4099,1,19,4,4,-5,-7
4111,1,7,2,3,1,5
4127,-1,23,4,6,-5,7
4129,1,1,6,8,-4,-2
4133,-1,5,3,12,5,2
4139,-1,11,2,5,1,-2
4153,1,1,2,6,1,7
4157,-1,5,6,10,-4,5
4159,1,7,1,12,4,2
4177,1,1,5,4,-1,-7
4201,1,1,1,2,4,-5
4211,-1,11,4,12,-5,2
4217,-1,17,3,5,5,-2
4219,1,19,5,7,-1,7
4229,-1,5,1,4,4,-7
4231,1,7,3,6,5,7
4241,-1,17,6,3,-4,5
4243,1,19,1,5,4,-2
4253,-1,5,4,2,-5,-5
4259,-1,11,3,8,5,-2
4261,1,13,5,10,-1,5
4271,-1,23,1,7,4,7
4273,1,1,3,9,5,-7
4283,-1,11,6,6,-4,7
4289,-1,17,5,12,-1,2
4297,1,1,6,7,-4,7
4327,1,7,1,11,4,-5
4337,-1,17,4,8,-5,-2
4339,1,19,6,10,-4,5
4349,-1,5,2,7,1,7
4357,1,13,3,2,5,-5
4363,1,19,2,8,1,-2
4373,-1,5,5,5,-1,-2
4391,-1,23,2,10,1,5
4397,-1,5,1,3,4,5
4409,-1,17,6,2,-4,-5
4421,-1,5,4,1,-5,2
4423,1,7,6,3,-4,5
4441,1,1,3,8,5,-2
4447,1,7,2,1,1,2
4451,-1,11,6,5,-4,-2
4457,-1,17,5,11,-1,-5
4463,-1,23,4,4,-5,-7
4481,-1,17,1,9,4,-7
4483,1,19,3,11,5,-5
4493,-1,5,6,8,-4,-2
4507,1,19,6,9,-4,-7
4513,1,1,5,2,-1,-5
4517,-1,5,2,6,1,7
4519,1,7,4,8,-5,-2
4523,-1,11,1,12,4,2
4547,-1,11,4,10,-5,5
4549,1,13,6,12,-4,2
4561,1,1,4,11,-5,-5
4567,1,7,3,4,5,-7
4583,-1,23,5,7,-1,7
4591,1,7,6,2,-4,-5
4597,1,13,5,8,-1,-2
4603,1,19,4,1,-5,2
4621,1,13,1,6,4,7
4637,-1,5,3,9,5,-7
4639,1,7,5,11,-1,-5
4643,-1,11,2,2,1,-5
4649,-1,17,1,8,4,-2
4651,1,19,3,10,5,5
4657,1,1,2,3,1,5
4663,1,7,1,9,4,-7
4673,-1,17,4,6,-5,7
4679,-1,23,3,12,5,2
4691,-1,11,1,11,4,-5
4703,-1,23,6,10,-4,5
4721,-1,17,3,2,5,-5
4723,1,19,5,4,-1,-7
4729,1,1,4,10,-5,5
4733,-1,5,1,1,4,2
4751,-1,23,5,6,-1,7
4759,1,7,6,1,-4,2
4783,1,7,2,12,1,2
4787,-1,11,6,3,-4,5
4789,1,13,1,5,4,-2
4793,-1,17,5,9,-1,-7
4799,-1,23,4,2,-5,-5
4801,1,1,6,4,-4,-7
4813,1,13,4,3,-5,5
4817,-1,17,1,7,4,7
4831,1,7,1,8,4,-2
4861,1,13,3,12,5,2
4871,-1,23,6,9,-4,-7
4877,-1,5,5,2,-1,-5
4889,-1,17,3,1,5,2
4903,1,7,3,2,5,-5
4909,1,13,2,8,1,-2
4919,-1,23,5,5,-1,-2
4931,-1,11,3,4,5,-7
4933,1,13,5,6,-1,7
4937,-1,17,2,10,1,5
4943,-1,23,1,3,4,5
4951,1,7,2,11,1,-5
4957,1,13,1,4,4,-7
4967,-1,23,4,1,-5,2
4969,1,1,6,3,-4,5
4973,-1,5,3,7,5,7
4987,1,19,3,8,5,-2
4993,1,1,2,1,1,2
4999,1,7,1,7,4,7
5003,-1,11,5,11,-1,-5
5009,-1,17,4,4,-5,-7
5011,1,19,6,6,-4,7
5021,-1,5,2,3,1,5
5023,1,7,4,5,-5,-2
5039,-1,23,6,8,-4,-2
5051,-1,11,4,7,-5,7
5059,1,19,5,2,-1,-5
5077,1,13,2,7,1,7
5081,-1,17,6,11,-4,-5
5087,-1,23,5,4,-1,-7
5099,-1,11,3,3,5,5
5101,1,13,5,5,-1,-2
5107,1,19,4,11,-5,-5
5113,1,1,3,4,5,-7
5119,1,7,2,10,1,5
5147,-1,11,2,12,1,2
5153,-1,17,1,5,4,-2
5167,1,7,1,6,4,7
5171,-1,11,5,10,-1,5
5179,1,19,6,5,-4,-2
5189,-1,5,2,2,1,-5
5197,1,13,3,10,5,5
5209,1,1,1,9,4,-7
5227,1,19,5,1,-1,2
5231,-1,23,2,5,1,-2
5233,1,1,4,7,-5,7
5237,-1,5,1,11,4,-5
5261,-1,5,4,9,-5,-7
5273,-1,17,2,8,1,-2
5279,-1,23,1,1,4,2
5281,1,1,3,3,5,5
5297,-1,17,5,6,-1,7
5303,-1,23,4,12,-5,2
5309,-1,5,3,5,5,-2
5323,1,19,3,6,5,7
5333,-1,5,6,3,-4,5
5347,1,19,6,4,-4,-7
5351,-1,23,3,8,5,-2
5381,-1,5,5,12,-1,2
5387,-1,11,4,5,-5,-2
5393,-1,17,3,11,5,-5
5399,-1,23,2,4,1,-7
5407,1,7,3,12,5,2
5413,1,13,2,5,1,-2
5417,-1,17,6,9,-4,-7
5419,1,19,1,11,4,-5
5431,1,7,6,10,-4,5
5437,1,13,5,3,-1,5
5441,-1,17,2,7,1,7
5443,1,19,4,9,-5,-7
5449,1,1,3,2,5,-5
5471,-1,23,4,11,-5,-5
5477,-1,5,3,4,5,-7
5479,1,7,5,6,-1,7
5483,-1,11,2,10,1,5
5501,-1,5,6,2,-4,-5
5503,1,7,1,4,4,-7
5507,-1,11,5,8,-1,-2
5519,-1,23,3,7,5,7
5521,1,1,5,9,-1,-7
5527,1,7,4,2,-5,-5
5531,-1,11,1,6,4,7
5557,1,13,6,6,-4,7
5563,1,19,5,12,-1,2
5569,1,1,4,5,-5,-2
5573,-1,5,1,9,4,-7
5581,1,13,2,4,1,-7
5591,-1,23,5,1,-1,2
5623,1,7,2,7,1,7
5639,-1,23,4,10,-5,5
5641,1,1,6,12,-4,2
5647,1,7,5,5,-1,-2
5651,-1,11,2,9,1,-7
5653,1,13,4,11,-5,-5
5657,-1,17,1,2,4,-5
5659,1,19,3,4,5,-7
5669,-1,5,6,1,-4,2
5683,1,19,6,2,-4,-5
5689,1,1,5,8,-1,-2
5693,-1,5,2,12,1,2
5701,1,13,3,7,5,7
5711,-1,23,6,4,-4,-7
5717,-1,5,5,10,-1,5
5737,1,1,4,4,-5,-7
5741,-1,5,1,8,4,-2
5743,1,7,3,10,5,5
5749,1,13,2,3,1,5
5779,1,19,4,7,-5,7
5783,-1,23,1,11,4,-5
5791,1,7,2,6,1,7
5801,-1,17,5,3,-1,5
5807,-1,23,4,9,-5,-7
5813,-1,5,3,2,5,-5
5821,1,13,4,10,-5,5
5827,1,19,3,3,5,5
5839,1,7,1,2,4,-5
5843,-1,11,5,6,-1,7
5849,-1,17,4,12,-5,2
5851,1,19,6,1,-4,2
5857,1,1,5,7,-1,7
5861,-1,5,2,11,1,-5
5867,-1,11,1,4,4,-7
5869,1,13,3,6,5,7
5879,-1,23,6,3,-4,5
5881,1,1,1,5,4,-2
5897,-1,17,3,8,5,-2
5903,-1,23,2,1,1,2
5923,1,19,1,8,4,-2
5927,-1,23,5,12,-1,2
5939,-1,11,3,11,5,-5
5953,1,1,3,12,5,2
5981,-1,5,3,1,5,2
5987,-1,11,2,7,1,7
6007,1,7,1,1,4,2
6011,-1,11,5,5,-1,-2
6029,-1,5,2,10,1,5
6037,1,13,3,5,5,-2
6043,1,19,2,11,1,-5
6047,-1,23,6,2,-4,-5
6053,-1,5,5,8,-1,-2
6067,1,19,5,9,-1,-7
6073,1,1,4,2,-5,-5
6079,1,7,3,8,5,-2
6089,-1,17,6,5,-4,-2
6091,1,19,1,7,4,7
6101,-1,5,4,4,-5,-7
6113,-1,17,2,3,1,5
6121,1,1,3,11,5,-5
6131,-1,11,6,8,-4,-2
6133,1,13,1,10,4,5
6143,-1,23,4,7,-5,7
6151,1,7,5,2,-1,-5
6163,1,19,3,1,5,2
6173,-1,5,6,11,-4,-5
6197,-1,5,2,9,1,-7
6199,1,7,4,11,-5,-5
6203,-1,11,1,2,4,-5
6211,1,19,2,10,1,5
6217,1,1,1,3,4,5
6221,-1,5,5,7,-1,7
6229,1,13,6,2,-4,-5
6247,1,7,3,7,5,7
6257,-1,17,6,4,-4,-7
6263,-1,23,5,10,-1,5
6269,-1,5,4,3,-5,5
6271,1,7,6,5,-4,-2
6277,1,13,5,11,-1,-5
6287,-1,23,1,8,4,-2
6299,-1,11,6,7,-4,7
6301,1,13,1,9,4,-7
6311,-1,23,4,6,-5,7
6317,-1,5,3,12,5,2
6323,-1,11,2,5,1,-2
6329,-1,17,1,11,4,-5
6337,1,1,2,6,1,7
6343,1,7,1,12,4,2
6353,-1,17,4,9,-5,-7
6359,-1,23,3,2,5,-5
6361,1,1,5,4,-1,-7
6367,1,7,4,10,-5,5
6373,1,13,3,3,5,5
6379,1,19,2,9,1,-7
6389,-1,5,5,6,-1,7
6397,1,13,6,1,-4,2
6421,1,13,2,12,1,2
6427,1,19,1,5,4,-2
6449,-1,17,2,1,1,2
6451,1,19,4,3,-5,5
6469,1,13,1,8,4,-2
6473,-1,17,5,12,-1,2
6481,1,1,6,7,-4,7
6491,-1,11,2,4,1,-7
6521,-1,17,4,8,-5,-2
6529,1,1,5,3,-1,5
6547,1,19,2,8,1,-2
6551,-1,23,6,12,-4,2
6553,1,1,1,1,4,2
6563,-1,11,4,11,-5,-5
6569,-1,17,3,4,5,-7
6571,1,19,5,6,-1,7
6577,1,1,4,12,-5,2
6581,-1,5,1,3,4,5
6599,-1,23,5,8,-1,-2
6607,1,7,6,3,-4,5
6619,1,19,4,2,-5,-5
6637,1,13,1,7,4,7
6653,-1,5,3,10,5,5
6659,-1,11,2,3,1,5
6661,1,13,4,5,-5,-2
6673,1,1,2,4,1,-7
6679,1,7,1,10,4,5
6689,-1,17,4,7,-5,7
6691,1,19,6,9,-4,-7
6701,-1,5,2,6,1,7
6703,1,7,4,8,-5,-2
6709,1,13,3,1,5,2
6719,-1,23,6,11,-4,-5
6733,1,13,6,12,-4,2
6737,-1,17,3,3,5,5
6761,-1,17,6,1,-4,2
6763,1,19,1,3,4,5
6779,-1,11,3,6,5,7
6781,1,13,5,8,-1,-2
6791,-1,23,1,5,4,-2
6793,1,1,3,7,5,7
6803,-1,11,6,4,-4,-7
6823,1,7,5,11,-1,-5
6827,-1,11,2,2,1,-5
6829,1,13,4,4,-5,-7
6833,-1,17,1,8,4,-2
6841,1,1,2,3,1,5
6857,-1,17,4,6,-5,7
6863,-1,23,3,12,5,2
6869,-1,5,2,5,1,-2
6871,1,7,4,7,-5,7
6883,1,19,2,6,1,7
6899,-1,11,4,9,-5,-7
6907,1,19,5,4,-1,-7
6911,-1,23,2,8,1,-2
6917,-1,5,1,1,4,2
6947,-1,11,3,5,5,-2
6949,1,13,5,7,-1,7
6959,-1,23,1,4,4,-7
6961,1,1,3,6,5,7
6967,1,7,2,12,1,2
6971,-1,11,6,3,-4,5
6977,-1,17,5,9,-1,-7
6983,-1,23,4,2,-5,-5
6991,1,7,5,10,-1,5
6997,1,13,4,3,-5,5
7001,-1,17,1,7,4,7
7013,-1,5,6,6,-4,7
7019,-1,11,5,12,-1,2
7027,1,19,6,7,-4,7
7039,1,7,4,6,-5,7
7043,-1,11,1,10,4,5
7057,1,1,1,11,4,-5
7069,1,13,6,10,-4,5
7079,-1,23,2,7,1,7
7103,-1,23,5,5,-1,-2
7109,-1,5,4,11,-5,-5
7121,-1,17,2,10,1,5
7127,-1,23,1,3,4,5
7129,1,1,3,5,5,-2
7151,-1,23,4,1,-5,2
7159,1,7,5,9,-1,-7
7177,1,1,2,1,1,2
7187,-1,11,5,11,-1,-5
7193,-1,17,4,4,-5,-7
7207,1,7,4,5,-5,-2
7211,-1,11,1,9,4,-7
7213,1,13,3,11,5,-5
7219,1,19,2,4,1,-7
7229,-1,5,5,1,-1,2
7237,1,13,6,9,-4,-7
7243,1,19,5,2,-1,-5
7247,-1,23,2,6,1,7
7253,-1,5,1,12,4,2
7283,-1,11,3,3,5,5
7297,1,1,3,4,5,-7
7307,-1,11,6,1,-4,2
7309,1,13,1,3,4,5
7321,1,1,6,2,-4,-5
7331,-1,11,2,12,1,2
7333,1,13,4,1,-5,2
7349,-1,5,6,4,-4,-7
7351,1,7,1,6,4,7
7369,1,1,5,11,-1,-5
7393,1,1,1,9,4,-7
7411,1,19,5,1,-1,2
7417,1,1,4,7,-5,7
7433,-1,17,6,10,-4,5
7451,-1,11,3,2,5,-5
7457,-1,17,2,8,1,-2
7459,1,19,4,10,-5,5
7477,1,13,1,2,4,-5
7481,-1,17,5,6,-1,7
7487,-1,23,4,12,-5,2
7489,1,1,6,1,-4,2
7499,-1,11,2,11,1,-5
7507,1,19,3,6,5,7
7517,-1,5,6,3,-4,5
7523,-1,11,5,9,-1,-7
7529,-1,17,4,2,-5,-5
7537,1,1,5,10,-1,5
7541,-1,5,2,1,1,2
7547,-1,11,1,7,4,7
7549,1,13,3,9,5,-7
7559,-1,23,6,6,-4,7
7561,1,1,1,8,4,-2
7573,1,13,6,7,-4,7
7577,-1,17,3,11,5,-5
7583,-1,23,2,4,1,-7
7589,-1,5,1,10,4,5
7591,1,7,3,12,5,2
7603,1,19,1,11,4,-5
7607,-1,23,5,2,-1,-5
7621,1,13,5,3,-1,5
7639,1,7,2,8,1,-2
7643,-1,11,6,12,-4,2
7649,-1,17,5,5,-1,-2
7669,1,13,4,12,-5,2
7673,-1,17,1,3,4,5
7681,1,1,2,11,1,-5
7687,1,7,1,4,4,-7
7691,-1,11,5,8,-1,-2
7699,1,19,6,3,-4,5
7703,-1,23,3,7,5,7
7717,1,13,3,8,5,-2
7723,1,19,2,1,1,2
7727,-1,23,6,5,-4,-2
7741,1,13,6,6,-4,7
7753,1,1,4,5,-5,-2
7757,-1,5,1,9,4,-7
7759,1,7,3,11,5,-5
7789,1,13,5,2,-1,-5
7793,-1,17,2,6,1,7
7817,-1,17,5,4,-1,-7
7823,-1,23,4,10,-5,5
7829,-1,5,3,3,5,5
7841,-1,17,1,2,4,-5
7853,-1,5,6,1,-4,2
7867,1,19,6,2,-4,-5
7873,1,1,5,8,-1,-2
7877,-1,5,2,12,1,2
7879,1,7,4,1,-5,2
7883,-1,11,1,5,4,-2
7901,-1,5,5,10,-1,5
7907,-1,11,4,3,-5,5
7919,-1,23,2,2,1,-5
7927,1,7,3,10,5,5
7933,1,13,2,3,1,5
7937,-1,17,6,7,-4,7
7949,-1,5,4,6,-5,7
7951,1,7,6,8,-4,-2
7963,1,19,4,7,-5,7
7993,1,1,6,11,-4,-5
8009,-1,17,1,1,4,2
8011,1,19,3,3,5,5
8017,1,1,2,9,1,-7
8039,-1,23,3,5,5,-2
8053,1,13,3,6,5,7
8059,1,19,2,12,1,2
8069,-1,5,5,9,-1,-7
8081,-1,17,3,8,5,-2
8087,-1,23,2,1,1,2
8089,1,1,4,3,-5,5
8093,-1,5,1,7,4,7
8101,1,13,2,2,1,-5
8111,-1,23,5,12,-1,2
8117,-1,5,4,5,-5,-2
8123,-1,11,3,11,5,-5
8147,-1,11,6,9,-4,-7
8161,1,1,6,10,-4,5
8167,1,7,5,3,-1,5
8171,-1,11,2,7,1,7
8179,1,19,3,2,5,-5
8191,1,7,1,1,4,2
8209,1,1,5,6,-1,7
8219,-1,11,1,3,4,5
8221,1,13,3,5,5,-2
8231,-1,23,6,2,-4,-5
8233,1,1,1,4,4,-7
8237,-1,5,5,8,-1,-2
8243,-1,11,4,1,-5,2
8263,1,7,3,8,5,-2
8269,1,13,2,1,1,2
8273,-1,17,6,5,-4,-2
8287,1,7,6,6,-4,7
8291,-1,11,3,10,5,5
8293,1,13,5,12,-1,2
8297,-1,17,2,3,1,5
8311,1,7,2,4,1,-7
8317,1,13,1,10,4,5
8329,1,1,6,9,-4,-7
8353,1,1,2,7,1,7
8363,-1,11,5,4,-1,-7
8369,-1,17,4,10,-5,5
8377,1,1,5,5,-1,-2
8387,-1,11,1,2,4,-5
8389,1,13,3,4,5,-7
8419,1,19,5,8,-1,-2
8423,-1,23,2,12,1,2
8429,-1,5,1,5,4,-2
8431,1,7,3,7,5,7
8443,1,19,1,6,4,7
8447,-1,23,5,10,-1,5
8461,1,13,5,11,-1,-5
8467,1,19,4,4,-5,-7
8501,-1,5,3,12,5,2
8513,-1,17,1,11,4,-5
8521,1,1,2,6,1,7
8527,1,7,1,12,4,2
8537,-1,17,4,9,-5,-7
8539,1,19,6,11,-4,-5
8543,-1,23,3,2,5,-5
8563,1,19,2,9,1,-7
8573,-1,5,5,6,-1,7
8581,1,13,6,1,-4,2
8597,-1,5,1,4,4,-7
8599,1,7,3,6,5,7
8609,-1,17,6,3,-4,5
8623,1,7,6,4,-4,-7
8627,-1,11,3,8,5,-2
8629,1,13,5,10,-1,5
8641,1,1,3,9,5,-7
8647,1,7,2,2,1,-5
8663,-1,23,4,5,-5,-2
8669,-1,5,3,11,5,-5
8677,1,13,4,6,-5,7
8681,-1,17,1,10,4,5
8689,1,1,2,5,1,-2
8693,-1,5,6,9,-4,-7
8699,-1,11,5,2,-1,-5
8707,1,19,6,10,-4,5
8713,1,1,5,3,-1,5
8719,1,7,4,9,-5,-7
8731,1,19,2,8,1,-2
8737,1,1,1,1,4,2
8741,-1,5,5,5,-1,-2
8747,-1,11,4,11,-5,-5
8753,-1,17,3,4,5,-7
8761,1,1,4,12,-5,2
8779,1,19,1,4,4,-7
8783,-1,23,5,8,-1,-2
8803,1,19,4,2,-5,-5
8807,-1,23,1,6,4,7
8819,-1,11,6,5,-4,-2
8821,1,13,1,7,4,7
8831,-1,23,4,4,-5,-7
8837,-1,5,3,10,5,5
8839,1,7,5,12,-1,2
8849,-1,17,1,9,4,-7
8861,-1,5,6,8,-4,-2
8863,1,7,1,10,4,5
8867,-1,11,5,1,-1,2
8887,1,7,4,8,-5,-2
8893,1,13,3,1,5,2
8923,1,19,5,5,-1,-2
8929,1,1,4,11,-5,-5
8933,-1,5,1,2,4,-5
8941,1,13,2,10,1,5
8951,-1,23,5,7,-1,7
8963,-1,11,3,6,5,7
8969,-1,17,2,12,1,2
8971,1,19,4,1,-5,2
8999,-1,23,4,3,-5,5
9001,1,1,6,5,-4,-2
9007,1,7,5,11,-1,-5
9011,-1,11,2,2,1,-5
9013,1,13,4,4,-5,-7
9029,-1,5,6,7,-4,7
9041,-1,17,4,6,-5,7
9043,1,19,6,8,-4,-2
9049,1,1,5,1,-1,2
9059,-1,11,1,11,4,-5
9067,1,19,2,6,1,7
9091,1,19,5,4,-1,-7
9103,1,7,3,3,5,5
9109,1,13,2,9,1,-7
9127,1,7,6,1,-4,2
9133,1,13,5,7,-1,7
9137,-1,17,2,11,1,-5
9151,1,7,2,12,1,2
9157,1,13,1,5,4,-2
9161,-1,17,5,9,-1,-7
9173,-1,5,3,8,5,-2
9181,1,13,4,3,-5,5
9187,1,19,3,9,5,-7
9199,1,7,1,8,4,-2
9203,-1,11,5,12,-1,2
9209,-1,17,4,5,-5,-2
9221,-1,5,2,4,1,-7
9227,-1,11,1,10,4,5
9239,-1,23,6,9,-4,-7
9241,1,1,1,11,4,-5
9257,-1,17,3,1,5,2
9277,1,13,2,8,1,-2
9281,-1,17,6,12,-4,2
9283,1,19,1,1,4,2
9293,-1,5,4,11,-5,-5
9311,-1,23,1,3,4,5
9319,1,7,2,11,1,-5
9323,-1,11,6,2,-4,-5
9337,1,1,6,3,-4,5
9341,-1,5,3,7,5,7
9343,1,7,5,9,-1,-7
9349,1,13,4,2,-5,-5
9371,-1,11,5,11,-1,-5
9377,-1,17,4,4,-5,-7
9391,1,7,4,5,-5,-2
9397,1,13,3,11,5,-5
9403,1,19,2,4,1,-7
9413,-1,5,5,1,-1,2
9419,-1,11,4,7,-5,7
9421,1,13,6,9,-4,-7
9431,-1,23,2,6,1,7
9433,1,1,4,8,-5,-2
9437,-1,5,1,12,4,2
9439,1,7,3,1,5,2
9461,-1,5,4,10,-5,5
9463,1,7,6,12,-4,2
9467,-1,11,3,3,5,5
9473,-1,17,2,9,1,-7
9479,-1,23,1,2,4,-5
9491,-1,11,6,1,-4,2
9497,-1,17,5,7,-1,7
9511,1,7,5,8,-1,-2
9521,-1,17,1,5,4,-2
9533,-1,5,6,4,-4,-7
9539,-1,11,5,10,-1,5
9547,1,19,6,5,-4,-2
9551,-1,23,3,9,5,-7
9587,-1,11,4,6,-5,7
9601,1,1,4,7,-5,7
9613,1,13,2,6,1,7
9619,1,19,1,12,4,2
9623,-1,23,5,3,-1,5
9629,-1,5,4,9,-5,-7
9631,1,7,6,11,-4,-5
9643,1,19,4,10,-5,5
9649,1,1,3,3,5,5
9661,1,13,1,2,4,-5
9677,-1,5,3,5,5,-2
9679,1,7,5,7,-1,7
9689,-1,17,1,4,4,-7
9697,1,1,2,12,1,2
9719,-1,23,3,8,5,-2
9721,1,1,5,10,-1,5
9733,1,13,3,9,5,-7
9739,1,19,2,2,1,-5
9743,-1,23,6,6,-4,7
9749,-1,5,5,12,-1,2
9767,-1,23,2,4,1,-7
9769,1,1,4,6,-5,7
9781,1,13,2,5,1,-2
9787,1,19,1,11,4,-5
9791,-1,23,5,2,-1,-5
9803,-1,11,3,1,5,2
9811,1,19,4,9,-5,-7
9817,1,1,3,2,5,-5
9829,1,13,1,1,4,2
9833,-1,17,5,5,-1,-2
9839,-1,23,4,11,-5,-5
9851,-1,11,2,10,1,5
9857,-1,17,1,3,4,5
9859,1,19,3,5,5,-2
9871,1,7,1,4,4,-7
9883,1,19,6,3,-4,5
9887,-1,23,3,7,5,7
9901,1,13,3,8,5,-2
9907,1,19,2,1,1,2
9923,-1,11,4,4,-5,-7
9929,-1,17,3,10,5,5
9931,1,19,5,12,-1,2
9941,-1,5,1,9,4,-7
9949,1,13,2,4,1,-7
9967,1,7,6,9,-4,-7
9973,1,13,5,2,-1,-5
10007,-1,23,4,10,-5,5
10009,1,1,6,12,-4,2
10037,-1,5,6,1,-4,2
10039,1,7,1,3,4,5
10061,-1,5,2,12,1,2
10067,-1,11,1,5,4,-2
10069,1,13,3,7,5,7
10079,-1,23,6,4,-4,-7
10091,-1,11,4,3,-5,5
10093,1,13,6,5,-4,-2
10099,1,19,5,11,-1,-5
10103,-1,23,2,2,1,-5
10111,1,7,3,10,5,5
10133,-1,5,4,6,-5,7
10139,-1,11,3,12,5,2
10141,1,13,5,1,-1,2
10151,-1,23,1,11,4,-5
10159,1,7,2,6,1,7
10163,-1,11,6,10,-4,5
10169,-1,17,5,3,-1,5
10177,1,1,6,11,-4,-5
10181,-1,5,3,2,5,-5
10193,-1,17,1,1,4,2
10211,-1,11,5,6,-1,7
10223,-1,23,3,5,5,-2
10243,1,19,2,12,1,2
10247,-1,23,6,3,-4,5
10253,-1,5,5,9,-1,-7
10259,-1,11,4,2,-5,-5
10267,1,19,5,10,-1,5
10271,-1,23,2,1,1,2
10273,1,1,4,3,-5,5
10289,-1,17,6,6,-4,7
10301,-1,5,4,5,-5,-2
10303,1,7,6,7,-4,7
10313,-1,17,2,4,1,-7
10321,1,1,3,12,5,2
10331,-1,11,6,9,-4,-7
10333,1,13,1,11,4,-5
10337,-1,17,5,2,-1,-5
10343,-1,23,4,8,-5,-2
10357,1,13,4,9,-5,-7
10369,1,1,2,8,1,-2
10391,-1,23,3,4,5,-7
10399,1,7,4,12,-5,2
10427,-1,11,4,1,-5,2
10429,1,13,6,3,-4,5
10433,-1,17,3,7,5,7
10453,1,13,2,1,1,2
10457,-1,17,6,5,-4,-2
10459,1,19,1,7,4,7
10463,-1,23,5,11,-1,-5
10477,1,13,5,12,-1,2
10487,-1,23,1,9,4,-7
10499,-1,11,6,8,-4,-2
10501,1,13,1,10,4,5
10513,1,1,6,9,-4,-7
10529,-1,17,1,12,4,2
10531,1,19,3,1,5,2
10559,-1,23,3,3,5,5
10567,1,7,4,11,-5,-5
10589,-1,5,5,7,-1,7
10597,1,13,6,2,-4,-5
10601,-1,17,3,6,5,7
10607,-1,23,2,12,1,2
10613,-1,5,1,5,4,-2
10627,1,19,1,6,4,7
10631,-1,23,5,10,-1,5
10639,1,7,6,5,-4,-2
10651,1,19,4,4,-5,-7
10657,1,1,3,10,5,5
10663,1,7,2,3,1,5
10667,-1,11,6,7,-4,7
10687,1,7,5,1,-1,2
10691,-1,11,2,5,1,-2
10709,-1,5,6,10,-4,5
10711,1,7,1,12,4,2
10723,1,19,6,11,-4,-5
10729,1,1,5,4,-1,-7
10733,-1,5,2,8,1,-2
10739,-1,11,1,1,4,2
10753,1,1,1,2,4,-5
10771,1,19,5,7,-1,7
10781,-1,5,1,4,4,-7
10789,1,13,2,12,1,2
10799,-1,23,5,9,-1,-7
10831,1,7,2,2,1,-5
10837,1,13,1,8,4,-2
10847,-1,23,4,5,-5,-2
10853,-1,5,3,11,5,-5
10859,-1,11,2,4,1,-7
10861,1,13,4,6,-5,7
10867,1,19,3,12,5,2
10883,-1,11,5,2,-1,-5
10889,-1,17,4,8,-5,-2
10891,1,19,6,10,-4,5
10903,1,7,4,9,-5,-7
10909,1,13,3,2,5,-5
10937,-1,17,3,4,5,-7
10939,1,19,5,6,-1,7
10949,-1,5,1,3,4,5
10957,1,13,2,11,1,-5
10973,-1,5,4,1,-5,2
10979,-1,11,3,7,5,7
10987,1,19,4,2,-5,-5
10993,1,1,3,8,5,-2
11003,-1,11,6,5,-4,-2
11027,-1,11,2,3,1,5
11047,1,7,1,10,4,5
11057,-1,17,4,7,-5,7
11059,1,19,6,9,-4,-7
11069,-1,5,2,6,1,7
11071,1,7,4,8,-5,-2
11083,1,19,2,7,1,7
11087,-1,23,6,11,-4,-5
11093,-1,5,5,4,-1,-7
11113,1,1,4,11,-5,-5
11117,-1,5,1,2,4,-5
11119,1,7,3,4,5,-7
11131,1,19,1,3,4,5
11149,1,13,5,8,-1,-2
11159,-1,23,1,5,4,-2
11161,1,1,3,7,5,7
11171,-1,11,6,4,-4,-7
11173,1,13,1,6,4,7
11177,-1,17,5,10,-1,5
11197,1,13,4,4,-5,-7
11213,-1,5,6,7,-4,7
11239,1,7,4,7,-5,7
11243,-1,11,1,11,4,-5
11251,1,19,2,6,1,7
11257,1,1,1,12,4,2
11261,-1,5,5,3,-1,5
11273,-1,17,3,2,5,-5
11279,-1,23,2,8,1,-2
11287,1,7,3,3,5,5
11299,1,19,1,2,4,-5
11311,1,7,6,1,-4,2
11317,1,13,5,7,-1,7
11321,-1,17,2,11,1,-5
11329,1,1,3,6,5,7
11351,-1,23,4,2,-5,-5
11353,1,1,6,4,-4,-7
11369,-1,17,1,7,4,7
11383,1,7,1,8,4,-2
11393,-1,17,4,5,-5,-2
11399,-1,23,3,11,5,-5
11411,-1,11,1,10,4,5
11423,-1,23,6,9,-4,-7
11437,1,13,6,10,-4,5
11443,1,19,5,3,-1,5
11447,-1,23,2,7,1,7
11467,1,19,1,1,4,2
11471,-1,23,5,5,-1,-2
11483,-1,11,3,4,5,-7
11489,-1,17,2,10,1,5
11491,1,19,4,12,-5,2
11497,1,1,3,5,5,-2
11503,1,7,2,11,1,-5
11519,-1,23,4,1,-5,2
11527,1,7,5,9,-1,-7
11549,-1,5,6,5,-4,-2
11551,1,7,1,7,4,7
11579,-1,11,1,9,4,-7
11587,1,19,2,4,1,-7
11593,1,1,1,10,4,5
11597,-1,5,5,1,-1,2
11617,1,1,4,8,-5,-2
11621,-1,5,1,12,4,2
11633,-1,17,6,11,-4,-5
11657,-1,17,2,9,1,-7
11677,1,13,1,3,4,5
11681,-1,17,5,7,-1,7
11689,1,1,6,2,-4,-5
11699,-1,11,2,12,1,2
11701,1,13,4,1,-5,2
11717,-1,5,6,4,-4,-7
11719,1,7,1,6,4,7
11731,1,19,6,5,-4,-2
11743,1,7,4,4,-5,-7
11777,-1,17,3,12,5,2
11779,1,19,5,1,-1,2
11783,-1,23,2,5,1,-2
11789,-1,5,1,11,4,-5
11801,-1,17,6,10,-4,5
11807,-1,23,5,3,-1,5
11813,-1,5,4,9,-5,-7
11821,1,13,5,4,-1,-7
11827,1,19,4,10,-5,5
11831,-1,23,1,1,4,2
11833,1,1,3,3,5,5
11839,1,7,2,9,1,-7
11863,1,7,5,7,-1,7
11867,-1,11,2,11,1,-5
11887,1,7,1,5,4,-2
11897,-1,17,4,2,-5,-5
11903,-1,23,3,8,5,-2
11909,-1,5,2,1,1,2
11923,1,19,2,2,1,-5
11927,-1,23,6,6,-4,7
11933,-1,5,5,12,-1,2
11939,-1,11,4,5,-5,-2
11941,1,13,6,7,-4,7
11953,1,1,4,6,-5,7
11959,1,7,3,12,5,2
11969,-1,17,6,9,-4,-7
11971,1,19,1,11,4,-5
11981,-1,5,4,8,-5,-2
11987,-1,11,3,1,5,2
12007,1,7,2,8,1,-2
12011,-1,11,6,12,-4,2
12037,1,13,4,12,-5,2
12041,-1,17,1,3,4,5
12043,1,19,3,5,5,-2
12049,1,1,2,11,1,-5
12071,-1,23,3,7,5,7
12073,1,1,5,9,-1,-7
12097,1,1,1,7,4,7
12101,-1,5,5,11,-1,-5
12107,-1,11,4,4,-5,-7
12109,1,13,6,6,-4,7
12113,-1,17,3,10,5,5
12119,-1,23,2,3,1,5
12143,-1,23,5,1,-1,2
12149,-1,5,4,7,-5,7
12157,1,13,5,2,-1,-5
12161,-1,17,2,6,1,7
12163,1,19,4,8,-5,-2
12197,-1,5,3,3,5,5
12203,-1,11,2,9,1,-7
12211,1,19,3,4,5,-7
12227,-1,11,5,7,-1,7
12239,-1,23,3,6,5,7
12241,1,1,5,8,-1,-2
12251,-1,11,1,5,4,-2
12253,1,13,3,7,5,7
12263,-1,23,6,4,-4,-7
12269,-1,5,5,10,-1,5
12277,1,13,6,5,-4,-2
12281,-1,17,3,9,5,-7
12289,1,1,4,4,-5,-7
12301,1,13,2,3,1,5
12323,-1,11,3,12,5,2
12329,-1,17,2,5,1,-2
12343,1,7,2,6,1,7
12347,-1,11,6,10,-4,5
12373,1,13,4,10,-5,5
12377,-1,17,1,1,4,2
12379,1,19,3,3,5,5
12391,1,7,1,2,4,-5
12401,-1,17,4,12,-5,2
12409,1,1,5,7,-1,7
12413,-1,5,2,11,1,-5
12421,1,13,3,6,5,7
12433,1,1,1,5,4,-2
12437,-1,5,5,9,-1,-7
12451,1,19,5,10,-1,5
12457,1,1,4,3,-5,5
12473,-1,17,6,6,-4,7
12479,-1,23,5,12,-1,2
12487,1,7,6,7,-4,7
12491,-1,11,3,11,5,-5
12497,-1,17,2,4,1,-7
12503,-1,23,1,10,4,5
12511,1,7,2,5,1,-2
12517,1,13,1,11,4,-5
12527,-1,23,4,8,-5,-2
12539,-1,11,2,7,1,7
12541,1,13,4,9,-5,-7
12547,1,19,3,2,5,-5
12553,1,1,2,8,1,-2
12569,-1,17,4,11,-5,-5
12577,1,1,5,6,-1,7
12583,1,7,4,12,-5,2
12589,1,13,3,5,5,-2
12601,1,1,1,4,4,-7
12611,-1,11,4,1,-5,2
12613,1,13,6,3,-4,5
12619,1,19,5,9,-1,-7
12637,1,13,2,1,1,2
12641,-1,17,6,5,-4,-2
12647,-1,23,5,11,-1,-5
12653,-1,5,4,4,-5,-7
12659,-1,11,3,10,5,5
12671,-1,23,1,9,4,-7
12689,-1,17,5,1,-1,2
12697,1,1,6,9,-4,-7
12703,1,7,5,2,-1,-5
12713,-1,17,1,12,4,2
12721,1,1,2,7,1,7
12739,1,19,6,12,-4,2
12743,-1,23,3,3,5,5
12757,1,13,3,4,5,-7
12763,1,19,2,10,1,5
12781,1,13,6,2,-4,-5
12791,-1,23,2,12,1,2
12799,1,7,3,7,5,7
12809,-1,17,6,4,-4,-7
12821,-1,5,4,3,-5,5
12823,1,7,6,5,-4,-2
12829,1,13,5,11,-1,-5
12841,1,1,3,10,5,5
12853,1,13,1,9,4,-7
12889,1,1,2,6,1,7
12893,-1,5,6,10,-4,5
12899,-1,11,5,3,-1,5
12907,1,19,6,11,-4,-5
12911,-1,23,3,2,5,-5
12917,-1,5,2,8,1,-2
12919,1,7,4,10,-5,5
12923,-1,11,1,1,4,2
12941,-1,5,5,6,-1,7
12953,-1,17,3,5,5,-2
12959,-1,23,2,11,1,-5
12967,1,7,3,6,5,7
12973,1,13,2,12,1,2
12979,1,19,1,5,4,-2
12983,-1,23,5,9,-1,-7
13001,-1,17,2,1,1,2
13003,1,19,4,3,-5,5
13007,-1,23,1,7,4,7
13009,1,1,3,9,5,-7
13033,1,1,6,7,-4,7
13037,-1,5,3,11,5,-5
13043,-1,11,2,4,1,-7
13049,-1,17,1,10,4,5
13063,1,7,1,11,4,-5
13093,1,13,3,2,5,-5
13099,1,19,2,8,1,-2
13103,-1,23,6,12,-4,2
13109,-1,5,5,5,-1,-2
13121,-1,17,3,4,5,-7
13127,-1,23,2,10,1,5
13147,1,19,1,4,4,-7
13151,-1,23,5,8,-1,-2
13159,1,7,6,3,-4,5
13163,-1,11,3,7,5,7
13171,1,19,4,2,-5,-5
13177,1,1,3,8,5,-2
13183,1,7,2,1,1,2
13187,-1,11,6,5,-4,-2
13217,-1,17,1,9,4,-7
13219,1,19,3,11,5,-5
13229,-1,5,6,8,-4,-2
13241,-1,17,4,7,-5,7
13249,1,1,5,2,-1,-5
13259,-1,11,1,12,4,2
13267,1,19,2,7,1,7
13291,1,19,5,5,-1,-2
13297,1,1,4,11,-5,-5
13309,1,13,2,10,1,5
13313,-1,17,6,1,-4,2
13327,1,7,6,2,-4,-5
13331,-1,11,3,6,5,7
13337,-1,17,2,12,1,2
13339,1,19,4,1,-5,2
13367,-1,23,4,3,-5,5
13381,1,13,4,4,-5,-7
13397,-1,5,6,7,-4,7
13399,1,7,1,9,4,-7
13411,1,19,6,8,-4,-2
13417,1,1,5,1,-1,2
13421,-1,5,2,5,1,-2
13441,1,1,1,12,4,2
13451,-1,11,4,9,-5,-7
13457,-1,17,3,2,5,-5
13463,-1,23,2,8,1,-2
13469,-1,5,1,1,4,2
13477,1,13,2,9,1,-7
13487,-1,23,5,6,-1,7
13499,-1,11,3,5,5,-2
13513,1,1,3,6,5,7
13523,-1,11,6,3,-4,5
13537,1,1,6,4,-4,-7
13553,-1,17,1,7,4,7
13567,1,7,1,8,4,-2
13577,-1,17,4,5,-5,-2
13591,1,7,4,6,-5,7
13597,1,13,3,12,5,2
13613,-1,5,5,2,-1,-5
13619,-1,11,4,8,-5,-2
13627,1,19,5,3,-1,5
13633,1,1,4,9,-5,-7
13649,-1,17,6,12,-4,2
13669,1,13,5,6,-1,7
13679,-1,23,1,3,4,5
13681,1,1,3,5,5,-2
13687,1,7,2,11,1,-5
13691,-1,11,6,2,-4,-5
13693,1,13,1,4,4,-7
13697,-1,17,5,8,-1,-2
13709,-1,5,3,7,5,7
13711,1,7,5,9,-1,-7
13721,-1,17,1,6,4,7
13723,1,19,3,8,5,-2
13729,1,1,2,1,1,2
13751,-1,23,3,10,5,5
13757,-1,5,2,3,1,5
13759,1,7,4,5,-5,-2
13763,-1,11,1,9,4,-7
13781,-1,5,5,1,-1,2
13789,1,13,6,9,-4,-7
13799,-1,23,2,6,1,7
13807,1,7,3,1,5,2
13829,-1,5,4,10,-5,5
13831,1,7,6,12,-4,2
13841,-1,17,2,9,1,-7
13859,-1,11,6,1,-4,2
13873,1,1,6,2,-4,-5
13877,-1,5,3,6,5,7
13879,1,7,5,8,-1,-2
13883,-1,11,2,12,1,2
13901,-1,5,6,4,-4,-7
13903,1,7,1,6,4,7
13907,-1,11,5,10,-1,5
13913,-1,17,4,3,-5,5
13921,1,1,5,11,-1,-5
13931,-1,11,1,8,4,-2
13933,1,13,3,10,5,5
13963,1,19,5,1,-1,2
13967,-1,23,2,5,1,-2
13997,-1,5,4,9,-5,-7
13999,1,7,6,11,-4,-5
14009,-1,17,2,8,1,-2
14011,1,19,4,10,-5,5
14029,1,13,1,2,4,-5
14033,-1,17,5,6,-1,7
14051,-1,11,2,11,1,-5
14057,-1,17,1,4,4,-7
14071,1,7,1,5,4,-2
14081,-1,17,4,2,-5,-5
14083,1,19,6,4,-4,-7
14087,-1,23,3,8,5,-2
14107,1,19,2,2,1,-5
14143,1,7,3,12,5,2
14149,1,13,2,5,1,-2
14153,-1,17,6,9,-4,-7
14159,-1,23,5,2,-1,-5
14173,1,13,5,3,-1,5
14177,-1,17,2,7,1,7
14197,1,13,1,1,4,2
14207,-1,23,4,11,-5,-5
14221,1,13,4,12,-5,2
14243,-1,11,5,8,-1,-2
14249,-1,17,4,1,-5,2
14251,1,19,6,3,-4,5
14281,1,1,1,7,4,7
14293,1,13,6,6,-4,7
14303,-1,23,2,3,1,5
14321,-1,17,6,8,-4,-2
14323,1,19,1,10,4,5
14327,-1,23,5,1,-1,2
14341,1,13,5,2,-1,-5
14347,1,19,4,8,-5,-2
14369,-1,17,5,4,-1,-7
14387,-1,11,2,9,1,-7
14389,1,13,4,11,-5,-5
14401,1,1,2,10,1,5
14407,1,7,1,3,4,5
14411,-1,11,5,7,-1,7
14419,1,19,6,2,-4,-5
14423,-1,23,3,6,5,7
14431,1,7,4,1,-5,2
14437,1,13,3,7,5,7
14447,-1,23,6,4,-4,-7
14449,1,1,1,6,4,7
14461,1,13,6,5,-4,-2
14479,1,7,3,10,5,5
14489,-1,17,6,7,-4,7
14503,1,7,6,8,-4,-2
14519,-1,23,1,11,4,-5
14533,1,13,1,12,4,2
14537,-1,17,5,3,-1,5
14543,-1,23,4,9,-5,-7
14549,-1,5,3,2,5,-5
14551,1,7,5,4,-1,-7
14557,1,13,4,10,-5,5
14561,-1,17,1,1,4,2
14563,1,19,3,3,5,5
14591,-1,23,3,5,5,-2
14593,1,1,5,7,-1,7
14621,-1,5,5,9,-1,-7
14627,-1,11,4,2,-5,-5
14629,1,13,6,4,-4,-7
14633,-1,17,3,8,5,-2
14639,-1,23,2,1,1,2
14653,1,13,2,2,1,-5
14657,-1,17,6,6,-4,7
14669,-1,5,4,5,-5,-2
14683,1,19,4,6,-5,7
14699,-1,11,6,9,-4,-7
14713,1,1,6,10,-4,5
14717,-1,5,3,1,5,2
14723,-1,11,2,7,1,7
14731,1,19,3,2,5,-5
14737,1,1,2,8,1,-2
14741,-1,5,6,12,-4,2
14747,-1,11,5,5,-1,-2
14753,-1,17,4,11,-5,-5
14759,-1,23,3,4,5,-7
14767,1,7,4,12,-5,2
14771,-1,11,1,3,4,5
14779,1,19,2,11,1,-5
14783,-1,23,6,2,-4,-5
14797,1,13,6,3,-4,5
14813,-1,5,1,6,4,7
14821,1,13,2,1,1,2
14827,1,19,1,7,4,7
14831,-1,23,5,11,-1,-5
14843,-1,11,3,10,5,5
14851,1,19,4,5,-5,-2
14867,-1,11,6,8,-4,-2
14869,1,13,1,10,4,5
14879,-1,23,4,7,-5,7
14887,1,7,5,2,-1,-5
14891,-1,11,2,6,1,7
14897,-1,17,1,12,4,2
14923,1,19,6,12,-4,2
14929,1,1,5,5,-1,-2
14939,-1,11,1,2,4,-5
14947,1,19,2,10,1,5
14951,-1,23,6,1,-4,2
14957,-1,5,5,7,-1,7
14969,-1,17,3,6,5,7
14983,1,7,3,7,5,7
15013,1,13,5,11,-1,-5
15017,-1,17,2,2,1,-5
15031,1,7,2,3,1,5
15053,-1,5,3,12,5,2
15061,1,13,4,7,-5,7
15073,1,1,2,6,1,7
15077,-1,5,6,10,-4,5
15083,-1,11,5,3,-1,5
15091,1,19,6,11,-4,-5
15101,-1,5,2,8,1,-2
15107,-1,11,1,1,4,2
15121,1,1,1,2,4,-5
15131,-1,11,4,12,-5,2
15137,-1,17,3,5,5,-2
15139,1,19,5,7,-1,7
15149,-1,5,1,4,4,-7
15161,-1,17,6,3,-4,5
15173,-1,5,4,2,-5,-5
15187,1,19,4,3,-5,5
15193,1,1,3,9,5,-7
15199,1,7,2,2,1,-5
15217,1,1,6,7,-4,7
15227,-1,11,2,4,1,-7
15233,-1,17,1,10,4,5
15241,1,1,2,5,1,-2
15259,1,19,6,10,-4,5
15263,-1,23,3,1,5,2
15269,-1,5,2,7,1,7
15271,1,7,4,9,-5,-7
15277,1,13,3,2,5,-5
15287,-1,23,6,12,-4,2
15289,1,1,1,1,4,2
15299,-1,11,4,11,-5,-5
15307,1,19,5,6,-1,7
15313,1,1,4,12,-5,2
15319,1,7,3,5,5,-2
15329,-1,17,6,2,-4,-5
15331,1,19,1,4,4,-7
15349,1,13,5,9,-1,-7
15359,-1,23,1,6,4,7
15361,1,1,3,8,5,-2
15373,1,13,1,7,4,7
15377,-1,17,5,11,-1,-5
15383,-1,23,4,4,-5,-7
15391,1,7,5,12,-1,2
15401,-1,17,1,9,4,-7
15413,-1,5,6,8,-4,-2
15427,1,19,6,9,-4,-7
15439,1,7,4,8,-5,-2
15443,-1,11,1,12,4,2
15451,1,19,2,7,1,7
15461,-1,5,5,4,-1,-7
15467,-1,11,4,10,-5,5
15473,-1,17,3,3,5,5
15493,1,13,2,10,1,5
15497,-1,17,6,1,-4,2
15511,1,7,6,2,-4,-5
15527,-1,23,1,5,4,-2
15541,1,13,1,6,4,7
15551,-1,23,4,3,-5,5
15559,1,7,5,11,-1,-5
15569,-1,17,1,8,4,-2
15581,-1,5,6,7,-4,7
15583,1,7,1,9,4,-7
15601,1,1,5,1,-1,2
15607,1,7,4,7,-5,7
15619,1,19,2,6,1,7
15629,-1,5,5,3,-1,5
15641,-1,17,3,2,5,-5
15643,1,19,5,4,-1,-7
15647,-1,23,2,8,1,-2
15649,1,1,4,10,-5,5
15661,1,13,2,9,1,-7
15667,1,19,1,2,4,-5
15671,-1,23,5,6,-1,7
15679,1,7,6,1,-4,2
15683,-1,11,3,5,5,-2
15727,1,7,5,10,-1,5
15731,-1,11,2,1,1,2
15733,1,13,4,3,-5,5
15737,-1,17,1,7,4,7
15739,1,19,3,9,5,-7
15749,-1,5,6,6,-4,7
15761,-1,17,4,5,-5,-2
15767,-1,23,3,11,5,-5
15773,-1,5,2,4,1,-7
15787,1,19,2,5,1,-2
15791,-1,23,6,9,-4,-7
15797,-1,5,5,2,-1,-5
15803,-1,11,4,8,-5,-2
15809,-1,17,3,1,5,2
15817,1,1,4,9,-5,-7
15823,1,7,3,2,5,-5
15859,1,19,4,12,-5,2
15877,1,13,1,4,4,-7
15881,-1,17,5,8,-1,-2
15887,-1,23,4,1,-5,2
15889,1,1,6,3,-4,5
15901,1,13,4,2,-5,-5
15907,1,19,3,8,5,-2
15913,1,1,2,1,1,2
15919,1,7,1,7,4,7
15923,-1,11,5,11,-1,-5
15937,1,1,5,12,-1,2
15959,-1,23,6,8,-4,-2
15971,-1,11,4,7,-5,7
15973,1,13,6,9,-4,-7
15991,1,7,3,1,5,2
16001,-1,17,6,11,-4,-5
16007,-1,23,5,4,-1,-7
16033,1,1,3,4,5,-7
16057,1,1,6,2,-4,-5
16061,-1,5,3,6,5,7
16063,1,7,5,8,-1,-2
16067,-1,11,2,12,1,2
16069,1,13,4,1,-5,2
16073,-1,17,1,5,4,-2
16087,1,7,1,6,4,7
16091,-1,11,5,10,-1,5
16097,-1,17,4,3,-5,5
16103,-1,23,3,9,5,-7
16111,1,7,4,4,-5,-7
16127,-1,23,6,7,-4,7
16139,-1,11,4,6,-5,7
16141,1,13,6,8,-4,-2
16183,1,7,6,11,-4,-5
16187,-1,11,3,2,5,-5
16189,1,13,5,4,-1,-7
16193,-1,17,2,8,1,-2
16217,-1,17,5,6,-1,7
16223,-1,23,4,12,-5,2
16229,-1,5,3,5,5,-2
16231,1,7,5,7,-1,7
16249,1,1,2,12,1,2
16253,-1,5,6,3,-4,5
16267,1,19,6,4,-4,-7
16273,1,1,5,10,-1,5
16301,-1,5,5,12,-1,2
16319,-1,23,2,4,1,-7
16333,1,13,2,5,1,-2
16339,1,19,1,11,4,-5
16349,-1,5,4,8,-5,-2
16361,-1,17,2,7,1,7
16363,1,19,4,9,-5,-7
16369,1,1,3,2,5,-5
16381,1,13,1,1,4,2
16411,1,19,3,5,5,-2
16417,1,1,2,11,1,-5
16421,-1,5,6,2,-4,-5
16427,-1,11,5,8,-1,-2
16433,-1,17,4,1,-5,2
16447,1,7,4,2,-5,-5
16451,-1,11,1,6,4,7
16453,1,13,3,8,5,-2
16477,1,13,6,6,-4,7
16481,-1,17,3,10,5,5
16487,-1,23,2,3,1,5
16493,-1,5,1,9,4,-7
16519,1,7,6,9,-4,-7
16529,-1,17,2,6,1,7
16547,-1,11,6,11,-4,-5
16553,-1,17,5,4,-1,-7
16561,1,1,6,12,-4,2
16567,1,7,5,5,-1,-2
16573,1,13,4,11,-5,-5
16603,1,19,6,2,-4,-5
16607,-1,23,3,6,5,7
16619,-1,11,1,5,4,-2
16631,-1,23,6,4,-4,-7
16633,1,1,1,6,4,7
16649,-1,17,3,9,5,-7
16651,1,19,5,11,-1,-5
16657,1,1,4,4,-5,-7
16661,-1,5,1,8,4,-2
16673,-1,17,6,7,-4,7
16691,-1,11,3,12,5,2
16693,1,13,5,1,-1,2
16699,1,19,4,7,-5,7
16703,-1,23,1,11,4,-5
16729,1,1,6,11,-4,-5
16741,1,13,4,10,-5,5
16747,1,19,3,3,5,5
16759,1,7,1,2,4,-5
16763,-1,11,5,6,-1,7
16787,-1,11,1,4,4,-7
16811,-1,11,4,2,-5,-5
16823,-1,23,2,1,1,2
16829,-1,5,1,7,4,7
16831,1,7,3,9,5,-7
16843,1,19,1,8,4,-2
16871,-1,23,1,10,4,5
16879,1,7,2,5,1,-2
16883,-1,11,6,9,-4,-7
16889,-1,17,5,2,-1,-5
16901,-1,5,3,1,5,2
16903,1,7,5,3,-1,5
16921,1,1,2,8,1,-2
16927,1,7,1,1,4,2
16931,-1,11,5,5,-1,-2
16937,-1,17,4,11,-5,-5
16943,-1,23,3,4,5,-7
16963,1,19,2,11,1,-5
16979,-1,11,4,1,-5,2
16981,1,13,6,3,-4,5
16987,1,19,5,9,-1,-7
16993,1,1,4,2,-5,-5
17011,1,19,1,7,4,7
17021,-1,5,4,4,-5,-7
17027,-1,11,3,10,5,5
17029,1,13,5,12,-1,2
17033,-1,17,2,3,1,5
17041,1,1,3,11,5,-5
17047,1,7,2,4,1,-7
17053,1,13,1,10,4,5
17077,1,13,4,8,-5,-2
17093,-1,5,6,11,-4,-5
17099,-1,11,5,4,-1,-7
17107,1,19,6,12,-4,2
17117,-1,5,2,9,1,-7
17123,-1,11,1,2,4,-5
17137,1,1,1,3,4,5
17159,-1,23,2,12,1,2
17167,1,7,3,7,5,7
17183,-1,23,5,10,-1,5
17189,-1,5,4,3,-5,5
17191,1,7,6,5,-4,-2
17203,1,19,4,4,-5,-7
17207,-1,23,1,8,4,-2
17209,1,1,3,10,5,5
17231,-1,23,4,6,-5,7
17239,1,7,5,1,-1,2
17257,1,1,2,6,1,7
17291,-1,11,1,1,4,2
17293,1,13,3,3,5,5
17299,1,19,2,9,1,-7
17317,1,13,6,1,-4,2
17321,-1,17,3,5,5,-2
17327,-1,23,2,11,1,-5
17333,-1,5,1,4,4,-7
17341,1,13,2,12,1,2
17351,-1,23,5,9,-1,-7
17359,1,7,6,4,-4,-7
17377,1,1,3,9,5,-7
17383,1,7,2,2,1,-5
17387,-1,11,6,6,-4,7
17389,1,13,1,8,4,-2
17393,-1,17,5,12,-1,2
17401,1,1,6,7,-4,7
17417,-1,17,1,10,4,5
17419,1,19,3,12,5,2
17431,1,7,1,11,4,-5
17443,1,19,6,10,-4,5
17449,1,1,5,3,-1,5
17467,1,19,2,8,1,-2
17471,-1,23,6,12,-4,2
17477,-1,5,5,5,-1,-2
17483,-1,11,4,11,-5,-5
17489,-1,17,3,4,5,-7
17491,1,19,5,6,-1,7
17497,1,1,4,12,-5,2
17509,1,13,2,11,1,-5
17519,-1,23,5,8,-1,-2
17539,1,19,4,2,-5,-5
17551,1,7,2,1,1,2
17569,1,1,6,6,-4,7
17573,-1,5,3,10,5,5
17579,-1,11,2,3,1,5
17581,1,13,4,5,-5,-2
17597,-1,5,6,8,-4,-2
17599,1,7,1,10,4,5
17609,-1,17,4,7,-5,7
17623,1,7,4,8,-5,-2
17627,-1,11,1,12,4,2
17657,-1,17,3,3,5,5
17659,1,19,5,5,-1,-2
17669,-1,5,1,2,4,-5
17681,-1,17,6,1,-4,2
17683,1,19,1,3,4,5
17707,1,19,4,1,-5,2
17713,1,1,3,7,5,7
17729,-1,17,5,10,-1,5
17737,1,1,6,5,-4,-2
17747,-1,11,2,2,1,-5
17749,1,13,4,4,-5,-7
17761,1,1,2,3,1,5
17783,-1,23,3,12,5,2
17789,-1,5,2,5,1,-2
17791,1,7,4,7,-5,7
17807,-1,23,6,10,-4,5
17827,1,19,5,4,-1,-7
17837,-1,5,1,1,4,2
17839,1,7,3,3,5,5
17851,1,19,1,2,4,-5
17863,1,7,6,1,-4,2
17881,1,1,3,6,5,7
17891,-1,11,6,3,-4,5
17903,-1,23,4,2,-5,-5
17909,-1,5,3,8,5,-2
17911,1,7,5,10,-1,5
17921,-1,17,1,7,4,7
17923,1,19,3,9,5,-7
17929,1,1,2,2,1,-5
17939,-1,11,5,12,-1,2
17957,-1,5,2,4,1,-7
17959,1,7,4,6,-5,7
17971,1,19,2,5,1,-2
17977,1,1,1,11,4,-5
17981,-1,5,5,2,-1,-5
17987,-1,11,4,8,-5,-2
17989,1,13,6,10,-4,5
18013,1,13,2,8,1,-2
18041,-1,17,2,10,1,5
18043,1,19,4,12,-5,2
18047,-1,23,1,3,4,5
18049,1,1,3,5,5,-2
18059,-1,11,6,2,-4,-5
18061,1,13,1,4,4,-7
18077,-1,5,3,7,5,7
18089,-1,17,1,6,4,7
18097,1,1,2,1,1,2
18119,-1,23,3,10,5,5
18121,1,1,5,12,-1,2
18127,1,7,4,5,-5,-2
18131,-1,11,1,9,4,-7
18133,1,13,3,11,5,-5
18143,-1,23,6,8,-4,-2
18149,-1,5,5,1,-1,2
18169,1,1,4,8,-5,-2
18181,1,13,2,7,1,7
18191,-1,23,5,4,-1,-7
18199,1,7,6,12,-4,2
18211,1,19,4,11,-5,-5
18217,1,1,3,4,5,-7
18223,1,7,2,10,1,5
18229,1,13,1,3,4,5
18233,-1,17,5,7,-1,7
18251,-1,11,2,12,1,2
18253,1,13,4,1,-5,2
18257,-1,17,1,5,4,-2
18269,-1,5,6,4,-4,-7
18287,-1,23,3,9,5,-7
18289,1,1,5,11,-1,-5
18301,1,13,3,10,5,5
18307,1,19,2,3,1,5
18311,-1,23,6,7,-4,7
18313,1,1,1,9,4,-7
18329,-1,17,3,12,5,2
18341,-1,5,1,11,4,-5
18353,-1,17,6,10,-4,5
18367,1,7,6,11,-4,-5
18371,-1,11,3,2,5,-5
18379,1,19,4,10,-5,5
18397,1,13,1,2,4,-5
18401,-1,17,5,6,-1,7
18413,-1,5,3,5,5,-2
18427,1,19,3,6,5,7
18433,1,1,2,12,1,2
18439,1,7,1,5,4,-2
18443,-1,11,5,9,-1,-7
18451,1,19,6,4,-4,-7
18457,1,1,5,10,-1,5
18461,-1,5,2,1,1,2
18481,1,1,1,8,4,-2
18493,1,13,6,7,-4,7
18503,-1,23,2,4,1,-7
18517,1,13,2,5,1,-2
18521,-1,17,6,9,-4,-7
18523,1,19,1,11,4,-5
18539,-1,11,3,1,5,2
18541,1,13,5,3,-1,5
18553,1,1,3,2,5,-5
18583,1,7,5,6,-1,7
18587,-1,11,2,10,1,5
18593,-1,17,1,3,4,5
18617,-1,17,4,1,-5,2
18637,1,13,3,8,5,-2
18661,1,13,6,6,-4,7
18671,-1,23,2,3,1,5
18679,1,7,3,11,5,-5
18691,1,19,1,10,4,5
18701,-1,5,4,7,-5,7
18713,-1,17,2,6,1,7
18719,-1,23,1,12,4,2
18731,-1,11,6,11,-4,-5
18743,-1,23,4,10,-5,5
18749,-1,5,3,3,5,5
18757,1,13,4,11,-5,-5
18773,-1,5,6,1,-4,2
18787,1,19,6,2,-4,-5
18793,1,1,5,8,-1,-2
18797,-1,5,2,12,1,2
18803,-1,11,1,5,4,-2
18839,-1,23,2,2,1,-5
18859,1,19,1,9,4,-7
18869,-1,5,4,6,-5,7
18899,-1,11,6,10,-4,5
18911,-1,23,4,9,-5,-7
18913,1,1,6,11,-4,-5
18917,-1,5,3,2,5,-5
18919,1,7,5,4,-1,-7
18947,-1,11,5,6,-1,7
18959,-1,23,3,5,5,-2
18973,1,13,3,6,5,7
18979,1,19,2,12,1,2
19001,-1,17,3,8,5,-2
19009,1,1,4,3,-5,5
19013,-1,5,1,7,4,7
19031,-1,23,5,12,-1,2
19037,-1,5,4,5,-5,-2
19051,1,19,4,6,-5,7
19069,1,13,1,11,4,-5
19073,-1,17,5,2,-1,-5
19079,-1,23,4,8,-5,-2
19081,1,1,6,10,-4,5
19087,1,7,5,3,-1,5
19121,-1,17,4,11,-5,-5
19139,-1,11,1,3,4,5
19141,1,13,3,5,5,-2
19157,-1,5,5,8,-1,-2
19163,-1,11,4,1,-5,2
19181,-1,5,1,6,4,7
19183,1,7,3,8,5,-2
19207,1,7,6,6,-4,7
19211,-1,11,3,10,5,5
19213,1,13,5,12,-1,2
19219,1,19,4,5,-5,-2
19231,1,7,2,4,1,-7
19237,1,13,1,10,4,5
19249,1,1,6,9,-4,-7
19259,-1,11,2,6,1,7
19267,1,19,3,1,5,2
19273,1,1,2,7,1,7
19289,-1,17,4,10,-5,5
19301,-1,5,2,9,1,-7
19309,1,13,3,4,5,-7
19319,-1,23,6,1,-4,2
19333,1,13,6,2,-4,-5
19373,-1,5,4,3,-5,5
19379,-1,11,3,9,5,-7
19381,1,13,5,11,-1,-5
19387,1,19,4,4,-5,-7
19391,-1,23,1,8,4,-2
19403,-1,11,6,7,-4,7
19417,1,1,6,8,-4,-2
19421,-1,5,3,12,5,2
19423,1,7,5,1,-1,2
19427,-1,11,2,5,1,-2
19429,1,13,4,7,-5,7
19433,-1,17,1,11,4,-5
19441,1,1,2,6,1,7
19447,1,7,1,12,4,2
19457,-1,17,4,9,-5,-7
19463,-1,23,3,2,5,-5
19469,-1,5,2,8,1,-2
19471,1,7,4,10,-5,5
19477,1,13,3,3,5,5
19483,1,19,2,9,1,-7
19489,1,1,1,2,4,-5
19501,1,13,6,1,-4,2
19507,1,19,5,7,-1,7
19531,1,19,1,5,4,-2
19541,-1,5,4,2,-5,-5
19543,1,7,6,4,-4,-7
19553,-1,17,2,1,1,2
19559,-1,23,1,7,4,7
19571,-1,11,6,6,-4,7
19577,-1,17,5,12,-1,2
19583,-1,23,4,5,-5,-2
19597,1,13,4,6,-5,7
19603,1,19,3,12,5,2
19609,1,1,2,5,1,-2
19661,-1,5,5,5,-1,-2
19681,1,1,4,12,-5,2
19687,1,7,3,5,5,-2
19697,-1,17,6,2,-4,-5
19699,1,19,1,4,4,-7
19709,-1,5,4,1,-5,2
19717,1,13,5,9,-1,-7
19727,-1,23,1,6,4,7
19739,-1,11,6,5,-4,-2
19751,-1,23,4,4,-5,-7
19753,1,1,6,6,-4,7
19759,1,7,5,12,-1,2
19763,-1,11,2,3,1,5
19777,1,1,2,4,1,-7
19793,-1,17,4,7,-5,7
19801,1,1,5,2,-1,-5
19813,1,13,3,1,5,2
19819,1,19,2,7,1,7
19841,-1,17,3,3,5,5
19843,1,19,5,5,-1,-2
19853,-1,5,1,2,4,-5
19861,1,13,2,10,1,5
19867,1,19,1,3,4,5
19889,-1,17,2,12,1,2
19891,1,19,4,1,-5,2
19913,-1,17,5,10,-1,5
19919,-1,23,4,3,-5,5
19927,1,7,5,11,-1,-5
19937,-1,17,1,8,4,-2
19949,-1,5,6,7,-4,7
19961,-1,17,4,6,-5,7
19963,1,19,6,8,-4,-2
19973,-1,5,2,5,1,-2
19979,-1,11,1,11,4,-5
19991,-1,23,6,10,-4,5
19993,1,1,1,12,4,2
19997,-1,5,5,3,-1,5
