Prime_p,6N_Wing,Mod_24,Disc,Conductor,L_Function_Type,Gamma_1_Height,gamma1_x_logp,Computation_Status
5,-1,5,-20,20,Dirichlet_chi_-p,2.358935,3.796559,ok
7,1,7,-7,7,Dirichlet_chi_-p,4.475738,8.709385,ok
11,-1,11,-11,11,Dirichlet_chi_-p,2.477244,5.940171,ok
13,1,13,-52,52,Dirichlet_chi_-p,1.092680,2.802670,ok
17,-1,17,-68,68,Dirichlet_chi_-p,1.500900,4.252371,ok
19,1,19,-19,19,Dirichlet_chi_-p,1.516084,4.464016,ok
23,-1,23,-23,23,Dirichlet_chi_-p,2.871340,9.003069,ok
29,-1,5,-116,116,Dirichlet_chi_-p,1.452919,4.892408,ok
31,1,7,-31,31,Dirichlet_chi_-p,2.034982,6.988104,ok
37,1,13,-148,148,Dirichlet_chi_-p,0.504898,1.823147,ok
41,-1,17,-164,164,Dirichlet_chi_-p,1.526817,5.669943,ok
43,1,19,-43,43,Dirichlet_chi_-p,0.836401,3.145871,ok
47,-1,23,-47,47,Dirichlet_chi_-p,2.217378,8.537233,ok
53,-1,5,-212,212,Dirichlet_chi_-p,0.935716,3.715064,ok
59,-1,11,-59,59,Dirichlet_chi_-p,1.606455,6.550381,ok
61,1,13,-244,244,Dirichlet_chi_-p,1.055717,4.339921,ok
67,1,19,-67,67,Dirichlet_chi_-p,0.604315,2.540958,ok
71,-1,23,-71,71,Dirichlet_chi_-p,2.179581,9.290856,ok
73,1,1,-292,292,Dirichlet_chi_-p,0.642852,2.758132,ok
79,1,7,-79,79,Dirichlet_chi_-p,1.466838,6.409272,ok
83,-1,11,-83,83,Dirichlet_chi_-p,1.222920,5.403891,ok
89,-1,17,-356,356,Dirichlet_chi_-p,1.244907,5.587936,ok
97,1,1,-388,388,Dirichlet_chi_-p,0.518318,2.371157,ok
101,-1,5,-404,404,Dirichlet_chi_-p,1.427224,6.586809,ok
103,1,7,-103,103,Dirichlet_chi_-p,1.204795,5.583900,ok
107,-1,11,-107,107,Dirichlet_chi_-p,1.015320,4.744419,ok
109,1,13,-436,436,Dirichlet_chi_-p,0.705439,3.309462,ok
113,-1,17,-452,452,Dirichlet_chi_-p,0.729039,3.446450,ok
127,1,7,-127,127,Dirichlet_chi_-p,1.035609,5.016682,ok
131,-1,11,-131,131,Dirichlet_chi_-p,1.489985,7.263972,ok
137,-1,17,-548,548,Dirichlet_chi_-p,0.631912,3.108994,ok
139,1,19,-139,139,Dirichlet_chi_-p,1.043844,5.150820,ok
149,-1,5,-596,596,Dirichlet_chi_-p,0.999899,5.003442,ok
151,1,7,-151,151,Dirichlet_chi_-p,1.231450,6.178531,ok
157,1,13,-628,628,Dirichlet_chi_-p,0.594620,3.006547,ok
163,1,19,-163,163,Dirichlet_chi_-p,0.202901,1.033529,ok
167,-1,23,-167,167,Dirichlet_chi_-p,1.567015,8.019971,ok
173,-1,5,-692,692,Dirichlet_chi_-p,0.967714,4.986914,ok
179,-1,11,-179,179,Dirichlet_chi_-p,1.117498,5.796895,ok
181,1,13,-724,724,Dirichlet_chi_-p,0.852315,4.430755,ok
191,-1,23,-191,191,Dirichlet_chi_-p,1.656709,8.701488,ok
193,1,1,-772,772,Dirichlet_chi_-p,0.256831,1.351620,ok
197,-1,5,-788,788,Dirichlet_chi_-p,0.615484,3.251728,ok
199,1,7,-199,199,Dirichlet_chi_-p,1.300272,6.882738,ok
211,1,19,-211,211,Dirichlet_chi_-p,0.787458,4.214362,ok
223,1,7,-223,223,Dirichlet_chi_-p,0.951023,5.142345,ok
227,-1,11,-227,227,Dirichlet_chi_-p,0.983801,5.337071,ok
229,1,13,-916,916,Dirichlet_chi_-p,0.706094,3.836717,ok
233,-1,17,-932,932,Dirichlet_chi_-p,0.670890,3.657045,ok
239,-1,23,-239,239,Dirichlet_chi_-p,1.601291,8.769412,ok
241,1,1,-964,964,Dirichlet_chi_-p,0.854220,4.685221,ok
251,-1,11,-251,251,Dirichlet_chi_-p,1.256869,6.944768,ok
257,-1,17,-1028,1028,Dirichlet_chi_-p,0.842186,4.673354,ok
263,-1,23,-263,263,Dirichlet_chi_-p,1.271353,7.084177,ok
269,-1,5,-1076,1076,Dirichlet_chi_-p,1.039784,5.817289,ok
271,1,7,-271,271,Dirichlet_chi_-p,1.282992,7.187472,ok
277,1,13,-1108,1108,Dirichlet_chi_-p,0.393256,2.211676,ok
281,-1,17,-1124,1124,Dirichlet_chi_-p,0.939671,5.298201,ok
283,1,19,-283,283,Dirichlet_chi_-p,0.695560,3.926747,ok
293,-1,5,-1172,1172,Dirichlet_chi_-p,0.878246,4.988590,ok
307,1,19,-307,307,Dirichlet_chi_-p,0.656833,3.761585,ok
311,-1,23,-311,311,Dirichlet_chi_-p,1.778096,10.205903,ok
313,1,1,-1252,1252,Dirichlet_chi_-p,0.505227,2.903139,ok
317,-1,5,-1268,1268,Dirichlet_chi_-p,0.411453,2.369518,ok
331,1,19,-331,331,Dirichlet_chi_-p,0.565267,3.279745,ok
337,1,1,-1348,1348,Dirichlet_chi_-p,0.529822,3.083607,ok
347,-1,11,-347,347,Dirichlet_chi_-p,0.739887,4.327840,ok
349,1,13,-1396,1396,Dirichlet_chi_-p,0.767761,4.495294,ok
353,-1,17,-1412,1412,Dirichlet_chi_-p,0.658855,3.865150,ok
359,-1,23,-359,359,Dirichlet_chi_-p,1.462918,8.606816,ok
367,1,7,-367,367,Dirichlet_chi_-p,0.862639,5.094193,ok
373,1,13,-1492,1492,Dirichlet_chi_-p,0.699874,4.144358,ok
379,1,19,-379,379,Dirichlet_chi_-p,0.505385,3.000739,ok
383,-1,23,-383,383,Dirichlet_chi_-p,1.247493,7.420130,ok
389,-1,5,-1556,1556,Dirichlet_chi_-p,0.819625,4.887900,ok
397,1,13,-1588,1588,Dirichlet_chi_-p,0.185794,1.111777,ok
401,-1,17,-1604,1604,Dirichlet_chi_-p,0.715304,4.287502,ok
409,1,1,-1636,1636,Dirichlet_chi_-p,0.814780,4.899854,ok
419,-1,11,-419,419,Dirichlet_chi_-p,1.098561,6.632967,ok
421,1,13,-1684,1684,Dirichlet_chi_-p,0.473071,2.858592,ok
431,-1,23,-431,431,Dirichlet_chi_-p,1.397277,8.476032,ok
433,1,1,-1732,1732,Dirichlet_chi_-p,0.717462,4.355524,ok
439,1,7,-439,439,Dirichlet_chi_-p,1.282791,7.805140,ok
443,-1,11,-443,443,Dirichlet_chi_-p,0.619825,3.776947,ok
449,-1,17,-1796,1796,Dirichlet_chi_-p,0.652502,3.984846,ok
457,1,1,-1828,1828,Dirichlet_chi_-p,0.408822,2.503905,ok
461,-1,5,-1844,1844,Dirichlet_chi_-p,0.979544,6.007935,ok
463,1,7,-463,463,Dirichlet_chi_-p,0.567218,3.481432,ok
467,-1,11,-467,467,Dirichlet_chi_-p,0.842091,5.175770,ok
479,-1,23,-479,479,Dirichlet_chi_-p,1.694485,10.457852,ok
487,1,7,-487,487,Dirichlet_chi_-p,0.544614,3.370215,ok
491,-1,11,-491,491,Dirichlet_chi_-p,1.005762,6.232147,ok
499,1,19,-499,499,Dirichlet_chi_-p,0.387857,2.409601,ok
503,-1,23,-503,503,Dirichlet_chi_-p,1.292341,8.039126,ok
509,-1,5,-2036,2036,Dirichlet_chi_-p,0.921398,5.742563,ok
521,-1,17,-2084,2084,Dirichlet_chi_-p,0.987368,6.176726,ok
523,1,19,-523,523,Dirichlet_chi_-p,0.896740,5.613220,ok
541,1,13,-2164,2164,Dirichlet_chi_-p,0.347006,2.183853,ok
547,1,19,-547,547,Dirichlet_chi_-p,0.446012,2.811857,ok
557,-1,5,-2228,2228,Dirichlet_chi_-p,0.574701,3.633585,ok
563,-1,11,-563,563,Dirichlet_chi_-p,1.008203,6.385234,ok
569,-1,17,-2276,2276,Dirichlet_chi_-p,1.005251,6.377192,ok
571,1,19,-571,571,Dirichlet_chi_-p,0.697711,4.428646,ok
577,1,1,-2308,2308,Dirichlet_chi_-p,0.242112,1.539311,ok
587,-1,11,-587,587,Dirichlet_chi_-p,0.707764,4.512010,ok
593,-1,17,-2372,2372,Dirichlet_chi_-p,0.722075,4.610589,ok
599,-1,23,-599,599,Dirichlet_chi_-p,1.293092,8.269665,ok
601,1,1,-2404,2404,Dirichlet_chi_-p,0.789886,5.054161,ok
607,1,7,-607,607,Dirichlet_chi_-p,0.903132,5.787745,ok
613,1,13,-2452,2452,Dirichlet_chi_-p,0.464640,2.982232,ok
617,-1,17,-2468,2468,Dirichlet_chi_-p,0.249470,1.602815,ok
619,1,19,-619,619,Dirichlet_chi_-p,0.609936,3.920734,ok
631,1,7,-631,631,Dirichlet_chi_-p,0.812154,5.236206,ok
641,-1,17,-2564,2564,Dirichlet_chi_-p,0.753614,4.870628,ok
643,1,19,-643,643,Dirichlet_chi_-p,0.342472,2.214471,ok
647,-1,23,-647,647,Dirichlet_chi_-p,1.155862,7.481141,ok
653,-1,5,-2612,2612,Dirichlet_chi_-p,0.328677,2.130347,ok
659,-1,11,-659,659,Dirichlet_chi_-p,1.039027,6.744035,ok
661,1,13,-2644,2644,Dirichlet_chi_-p,0.663947,4.311507,ok
673,1,1,-2692,2692,Dirichlet_chi_-p,0.570900,3.717554,ok
677,-1,5,-2708,2708,Dirichlet_chi_-p,0.894980,5.833183,ok
683,-1,11,-683,683,Dirichlet_chi_-p,0.430403,2.809025,ok
691,1,19,-691,691,Dirichlet_chi_-p,0.555724,3.633402,ok
701,-1,5,-2804,2804,Dirichlet_chi_-p,0.894521,5.861354,ok
709,1,13,-2836,2836,Dirichlet_chi_-p,0.250436,1.643825,ok
719,-1,23,-719,719,Dirichlet_chi_-p,1.448087,9.525315,ok
727,1,7,-727,727,Dirichlet_chi_-p,0.791703,5.216474,ok
733,1,13,-2932,2932,Dirichlet_chi_-p,0.552759,3.646632,ok
739,1,19,-739,739,Dirichlet_chi_-p,0.569535,3.761947,ok
743,-1,23,-743,743,Dirichlet_chi_-p,0.950765,6.285216,ok
751,1,7,-751,751,Dirichlet_chi_-p,0.839299,5.557339,ok
757,1,13,-3028,3028,Dirichlet_chi_-p,0.386733,2.563793,ok
761,-1,17,-3044,3044,Dirichlet_chi_-p,0.956549,6.346355,ok
769,1,1,-3076,3076,Dirichlet_chi_-p,0.642139,4.267069,ok
773,-1,5,-3092,3092,Dirichlet_chi_-p,0.671555,4.466027,ok
787,1,19,-787,787,Dirichlet_chi_-p,0.631185,4.208887,ok
797,-1,5,-3188,3188,Dirichlet_chi_-p,0.792619,5.295370,ok
809,-1,17,-3236,3236,Dirichlet_chi_-p,0.718148,4.808578,ok
811,1,19,-811,811,Dirichlet_chi_-p,0.749224,5.018504,ok
821,-1,5,-3284,3284,Dirichlet_chi_-p,0.665739,4.467459,ok
823,1,7,-823,823,Dirichlet_chi_-p,0.481876,3.234813,ok
827,-1,11,-827,827,Dirichlet_chi_-p,0.574195,3.857328,ok
829,1,13,-3316,3316,Dirichlet_chi_-p,0.715895,4.810970,ok
839,-1,23,-839,839,Dirichlet_chi_-p,1.334342,8.983069,ok
853,1,13,-3412,3412,Dirichlet_chi_-p,0.208453,1.406802,ok
857,-1,17,-3428,3428,Dirichlet_chi_-p,0.785175,5.302627,ok
859,1,19,-859,859,Dirichlet_chi_-p,0.722640,4.881990,ok
863,-1,23,-863,863,Dirichlet_chi_-p,0.851748,5.758167,ok
877,1,13,-3508,3508,Dirichlet_chi_-p,0.310579,2.104643,ok
881,-1,17,-3524,3524,Dirichlet_chi_-p,0.847759,5.748701,ok
883,1,19,-883,883,Dirichlet_chi_-p,0.260999,1.770442,ok
887,-1,23,-887,887,Dirichlet_chi_-p,1.194758,8.109830,ok
907,1,19,-907,907,Dirichlet_chi_-p,0.249926,1.702035,ok
911,-1,23,-911,911,Dirichlet_chi_-p,1.168616,7.963587,ok
919,1,7,-919,919,Dirichlet_chi_-p,0.958612,6.540881,ok
929,-1,17,-3716,3716,Dirichlet_chi_-p,0.711230,4.860625,ok
937,1,1,-3748,3748,Dirichlet_chi_-p,0.827488,5.662236,ok
941,-1,5,-3764,3764,Dirichlet_chi_-p,0.995409,6.815511,ok
947,-1,11,-947,947,Dirichlet_chi_-p,0.289814,1.986180,ok
953,-1,17,-3812,3812,Dirichlet_chi_-p,0.893166,6.126776,ok
967,1,7,-967,967,Dirichlet_chi_-p,0.546124,3.754167,ok
971,-1,11,-971,971,Dirichlet_chi_-p,1.078453,7.417955,ok
977,-1,17,-3908,3908,Dirichlet_chi_-p,0.421490,2.901741,ok
983,-1,23,-983,983,Dirichlet_chi_-p,0.989904,6.821039,ok
991,1,7,-991,991,Dirichlet_chi_-p,0.787769,5.434594,ok
997,1,13,-3988,3988,Dirichlet_chi_-p,0.386009,2.665295,ok
1009,1,1,-4036,4036,Dirichlet_chi_-p,0.630996,4.364419,ok
1013,-1,5,-4052,4052,Dirichlet_chi_-p,0.522537,3.616304,ok
1019,-1,11,-1019,1019,Dirichlet_chi_-p,0.901806,6.246429,ok
1021,1,13,-4084,4084,Dirichlet_chi_-p,0.618049,4.282174,ok
1031,-1,23,-1031,1031,Dirichlet_chi_-p,1.235678,8.573484,ok
1033,1,1,-4132,4132,Dirichlet_chi_-p,0.384415,2.667929,ok
1039,1,7,-1039,1039,Dirichlet_chi_-p,1.066838,7.410272,ok
1049,-1,17,-4196,4196,Dirichlet_chi_-p,0.835160,5.809035,ok
1051,1,19,-1051,1051,Dirichlet_chi_-p,0.412074,2.867005,ok
1061,-1,5,-4244,4244,Dirichlet_chi_-p,0.448032,3.121423,ok
1063,1,7,-1063,1063,Dirichlet_chi_-p,0.964839,6.723817,ok
1069,1,13,-4276,4276,Dirichlet_chi_-p,0.938093,6.542707,ok
1087,1,7,-1087,1087,Dirichlet_chi_-p,0.367068,2.566238,ok
1091,-1,11,-1091,1091,Dirichlet_chi_-p,1.180417,8.256841,ok
1093,1,13,-4372,4372,Dirichlet_chi_-p,0.223071,1.560753,ok
1097,-1,17,-4388,4388,Dirichlet_chi_-p,0.774666,5.422919,ok
1103,-1,23,-1103,1103,Dirichlet_chi_-p,0.784147,5.493570,ok
1109,-1,5,-4436,4436,Dirichlet_chi_-p,1.001057,7.018623,ok
1117,1,13,-4468,4468,Dirichlet_chi_-p,0.458021,3.214576,ok
1123,1,19,-1123,1123,Dirichlet_chi_-p,0.479066,3.364841,ok
1129,1,1,-4516,4516,Dirichlet_chi_-p,0.372174,2.616042,ok
1151,-1,23,-1151,1151,Dirichlet_chi_-p,1.340725,9.449945,ok
1153,1,1,-4612,4612,Dirichlet_chi_-p,0.470046,3.313879,ok
1163,-1,11,-1163,1163,Dirichlet_chi_-p,0.422932,2.985375,ok
1171,1,19,-1171,1171,Dirichlet_chi_-p,0.643523,4.546884,ok
1181,-1,5,-4724,4724,Dirichlet_chi_-p,0.816163,5.773629,ok
1187,-1,11,-1187,1187,Dirichlet_chi_-p,0.593056,4.198350,ok
1193,-1,17,-4772,4772,Dirichlet_chi_-p,0.746611,5.289164,ok
1201,1,1,-4804,4804,Dirichlet_chi_-p,0.348921,2.474167,ok
1213,1,13,-4852,4852,Dirichlet_chi_-p,0.172081,1.221924,ok
1217,-1,17,-4868,4868,Dirichlet_chi_-p,0.593516,4.216425,ok
1223,-1,23,-1223,1223,Dirichlet_chi_-p,1.163561,8.271828,ok
1229,-1,5,-4916,4916,Dirichlet_chi_-p,0.653533,4.649208,ok
1231,1,7,-1231,1231,Dirichlet_chi_-p,1.176723,8.373066,ok
1237,1,13,-4948,4948,Dirichlet_chi_-p,0.342676,2.440002,ok
1249,1,1,-4996,4996,Dirichlet_chi_-p,0.837336,5.970290,ok
1259,-1,11,-1259,1259,Dirichlet_chi_-p,0.844076,6.025077,ok
1277,-1,5,-5108,5108,Dirichlet_chi_-p,0.631678,4.517932,ok
1279,1,7,-1279,1279,Dirichlet_chi_-p,0.881796,6.308219,ok
1283,-1,11,-1283,1283,Dirichlet_chi_-p,0.736258,5.269368,ok
1289,-1,17,-5156,5156,Dirichlet_chi_-p,0.586890,4.203081,ok
1291,1,19,-1291,1291,Dirichlet_chi_-p,0.730834,5.235087,ok
1297,1,1,-5188,5188,Dirichlet_chi_-p,0.258810,1.855097,ok
1301,-1,5,-5204,5204,Dirichlet_chi_-p,0.823285,5.903682,ok
1303,1,7,-1303,1303,Dirichlet_chi_-p,0.423162,3.035099,ok
1307,-1,11,-1307,1307,Dirichlet_chi_-p,0.672021,4.822080,ok
1319,-1,23,-1319,1319,Dirichlet_chi_-p,1.366985,9.821279,ok
1321,1,1,-5284,5284,Dirichlet_chi_-p,0.573258,4.119512,ok
1327,1,7,-1327,1327,Dirichlet_chi_-p,0.632261,4.546383,ok
1361,-1,17,-5444,5444,Dirichlet_chi_-p,1.033293,7.456217,ok
1367,-1,23,-1367,1367,Dirichlet_chi_-p,0.734301,5.301928,ok
1373,-1,5,-5492,5492,Dirichlet_chi_-p,0.185876,1.342905,ok
1381,1,13,-5524,5524,Dirichlet_chi_-p,0.673346,4.868667,ok
1399,1,7,-1399,1399,Dirichlet_chi_-p,1.014272,7.346894,ok
1409,-1,17,-5636,5636,Dirichlet_chi_-p,0.559044,4.053425,ok
1423,1,7,-1423,1423,Dirichlet_chi_-p,0.248632,1.805200,ok
1427,-1,11,-1427,1427,Dirichlet_chi_-p,0.956579,6.947948,ok
1429,1,13,-5716,5716,Dirichlet_chi_-p,0.488067,3.545672,ok
1433,-1,17,-5732,5732,Dirichlet_chi_-p,0.624360,4.537554,ok
1439,-1,23,-1439,1439,Dirichlet_chi_-p,1.053150,7.658196,ok
1447,1,7,-1447,1447,Dirichlet_chi_-p,1.000284,7.279313,ok
1451,-1,11,-1451,1451,Dirichlet_chi_-p,0.668460,4.866392,ok
1453,1,13,-5812,5812,Dirichlet_chi_-p,0.393106,2.862356,ok
1459,1,19,-1459,1459,Dirichlet_chi_-p,0.872352,6.355523,ok
1471,1,7,-1471,1471,Dirichlet_chi_-p,0.842321,6.143634,ok
1481,-1,17,-5924,5924,Dirichlet_chi_-p,0.878908,6.416444,ok
1483,1,19,-1483,1483,Dirichlet_chi_-p,0.636043,4.644272,ok
1487,-1,23,-1487,1487,Dirichlet_chi_-p,1.047425,7.650931,ok
1489,1,1,-5956,5956,Dirichlet_chi_-p,0.367523,2.685073,ok
1493,-1,5,-5972,5972,Dirichlet_chi_-p,0.288715,2.110086,ok
1499,-1,11,-1499,1499,Dirichlet_chi_-p,0.660772,4.831932,ok
1511,-1,23,-1511,1511,Dirichlet_chi_-p,1.412078,10.337157,ok
1523,-1,11,-1523,1523,Dirichlet_chi_-p,0.322249,2.361579,ok
1531,1,19,-1531,1531,Dirichlet_chi_-p,0.818818,6.004944,ok
1543,1,7,-1543,1543,Dirichlet_chi_-p,0.713905,5.241121,ok
1549,1,13,-6196,6196,Dirichlet_chi_-p,0.356013,2.615048,ok
1553,-1,17,-6212,6212,Dirichlet_chi_-p,0.675482,4.963406,ok
1559,-1,23,-1559,1559,Dirichlet_chi_-p,1.442336,10.603764,ok
1567,1,7,-1567,1567,Dirichlet_chi_-p,0.519476,3.821741,ok
1571,-1,11,-1571,1571,Dirichlet_chi_-p,0.836060,6.152959,ok
1579,1,19,-1579,1579,Dirichlet_chi_-p,0.728337,5.363870,ok
1583,-1,23,-1583,1583,Dirichlet_chi_-p,0.903321,6.654834,ok
1597,1,13,-6388,6388,Dirichlet_chi_-p,0.315162,2.324599,ok
1601,-1,17,-6404,6404,Dirichlet_chi_-p,0.805887,5.946144,ok
1607,-1,23,-1607,1607,Dirichlet_chi_-p,0.709856,5.240247,ok
1609,1,1,-6436,6436,Dirichlet_chi_-p,0.575456,4.248800,ok
1613,-1,5,-6452,6452,Dirichlet_chi_-p,0.662967,4.896574,ok
1619,-1,11,-1619,1619,Dirichlet_chi_-p,0.738901,5.460157,ok
1621,1,13,-6484,6484,Dirichlet_chi_-p,0.323843,2.393456,ok
1627,1,19,-1627,1627,Dirichlet_chi_-p,0.565037,4.178166,ok
1637,-1,5,-6548,6548,Dirichlet_chi_-p,0.606507,4.488525,ok
1657,1,1,-6628,6628,Dirichlet_chi_-p,0.268987,1.993940,ok
1663,1,7,-1663,1663,Dirichlet_chi_-p,0.626662,4.647559,ok
1667,-1,11,-1667,1667,Dirichlet_chi_-p,0.758423,5.626573,ok
1669,1,13,-6676,6676,Dirichlet_chi_-p,0.485122,3.599597,ok
1693,1,13,-6772,6772,Dirichlet_chi_-p,0.495516,3.683793,ok
1697,-1,17,-6788,6788,Dirichlet_chi_-p,0.366058,2.722233,ok
1699,1,19,-1699,1699,Dirichlet_chi_-p,0.787191,5.854963,ok
1709,-1,5,-6836,6836,Dirichlet_chi_-p,0.593193,4.415529,ok
1721,-1,17,-6884,6884,Dirichlet_chi_-p,0.699379,5.210832,ok
1723,1,19,-1723,1723,Dirichlet_chi_-p,0.368909,2.749045,ok
1733,-1,5,-6932,6932,Dirichlet_chi_-p,0.540162,4.028319,ok
1741,1,13,-6964,6964,Dirichlet_chi_-p,0.468211,3.493894,ok
1747,1,19,-1747,1747,Dirichlet_chi_-p,0.397489,2.967514,ok
1753,1,1,-7012,7012,Dirichlet_chi_-p,0.508908,3.801075,ok
1759,1,7,-1759,1759,Dirichlet_chi_-p,0.902424,6.743362,ok
1777,1,1,-7108,7108,Dirichlet_chi_-p,0.538720,4.031070,ok
1783,1,7,-1783,1783,Dirichlet_chi_-p,0.551780,4.130654,ok
1787,-1,11,-1787,1787,Dirichlet_chi_-p,0.247783,1.855472,ok
1789,1,13,-7156,7156,Dirichlet_chi_-p,0.556598,4.168590,ok
1801,1,1,-7204,7204,Dirichlet_chi_-p,0.634982,4.759885,ok
1811,-1,11,-1811,1811,Dirichlet_chi_-p,1.250364,9.379774,ok
1823,-1,23,-1823,1823,Dirichlet_chi_-p,1.188411,8.922876,ok
1831,1,7,-1831,1831,Dirichlet_chi_-p,0.560488,4.210729,ok
1847,-1,23,-1847,1847,Dirichlet_chi_-p,1.065525,8.014155,ok
1861,1,13,-7444,7444,Dirichlet_chi_-p,0.845442,6.365220,ok
1867,1,19,-1867,1867,Dirichlet_chi_-p,0.224224,1.688872,ok
1871,-1,23,-1871,1871,Dirichlet_chi_-p,1.013276,7.634256,ok
1873,1,1,-7492,7492,Dirichlet_chi_-p,0.105503,0.794998,ok
1877,-1,5,-7508,7508,Dirichlet_chi_-p,0.534472,4.028546,ok
1879,1,7,-1879,1879,Dirichlet_chi_-p,0.789541,5.951954,ok
1889,-1,17,-7556,7556,Dirichlet_chi_-p,0.995829,7.512336,ok
1901,-1,5,-7604,7604,Dirichlet_chi_-p,0.529941,4.001128,ok
1907,-1,11,-1907,1907,Dirichlet_chi_-p,0.611448,4.618445,ok
1913,-1,17,-7652,7652,Dirichlet_chi_-p,0.565589,4.273834,ok
1931,-1,11,-1931,1931,Dirichlet_chi_-p,0.918443,6.948751,ok
1933,1,13,-7732,7732,Dirichlet_chi_-p,0.415335,3.142765,ok
1949,-1,5,-7796,7796,Dirichlet_chi_-p,0.945682,7.163607,ok
1951,1,7,-1951,1951,Dirichlet_chi_-p,1.037593,7.860909,ok
1973,-1,5,-7892,7892,Dirichlet_chi_-p,0.594826,4.513133,ok
1979,-1,11,-1979,1979,Dirichlet_chi_-p,1.032085,7.833883,ok
1987,1,19,-1987,1987,Dirichlet_chi_-p,0.460749,3.499106,ok
1993,1,1,-7972,7972,Dirichlet_chi_-p,0.482920,3.668936,ok
1997,-1,5,-7988,7988,Dirichlet_chi_-p,0.730953,5.554804,ok
1999,1,7,-1999,1999,Dirichlet_chi_-p,0.804691,6.115976,ok
2003,-1,11,-2003,2003,Dirichlet_chi_-p,0.374907,2.850195,ok
2011,1,19,-2011,2011,Dirichlet_chi_-p,0.390933,2.973586,ok
2017,1,1,-8068,8068,Dirichlet_chi_-p,0.125730,0.956724,ok
2027,-1,11,-2027,2027,Dirichlet_chi_-p,0.517830,3.942919,ok
2029,1,13,-8116,8116,Dirichlet_chi_-p,0.648102,4.935486,ok
2039,-1,23,-2039,2039,Dirichlet_chi_-p,0.947769,7.222202,ok
2053,1,13,-8212,8212,Dirichlet_chi_-p,0.374292,2.854746,ok
2063,-1,23,-2063,2063,Dirichlet_chi_-p,1.023791,7.813490,ok
2069,-1,5,-8276,8276,Dirichlet_chi_-p,0.433461,3.309395,ok
2081,-1,17,-8324,8324,Dirichlet_chi_-p,0.806722,6.163843,ok
2083,1,19,-2083,2083,Dirichlet_chi_-p,0.636558,4.864296,ok
2087,-1,23,-2087,2087,Dirichlet_chi_-p,0.784691,5.997775,ok
2089,1,1,-8356,8356,Dirichlet_chi_-p,0.904337,6.913150,ok
2099,-1,11,-2099,2099,Dirichlet_chi_-p,0.758374,5.800964,ok
2111,-1,23,-2111,2111,Dirichlet_chi_-p,1.017730,7.790636,ok
2113,1,1,-8452,8452,Dirichlet_chi_-p,0.228579,1.749969,ok
2129,-1,17,-8516,8516,Dirichlet_chi_-p,0.693393,5.313755,ok
2131,1,19,-2131,2131,Dirichlet_chi_-p,0.782972,6.000970,ok
2137,1,1,-8548,8548,Dirichlet_chi_-p,0.433487,3.323617,ok
2141,-1,5,-8564,8564,Dirichlet_chi_-p,1.043122,7.999735,ok
2143,1,7,-2143,2143,Dirichlet_chi_-p,0.334432,2.565077,ok
2153,-1,17,-8612,8612,Dirichlet_chi_-p,0.423247,3.248255,ok
2161,1,1,-8644,8644,Dirichlet_chi_-p,0.639655,4.911477,ok
2179,1,19,-2179,2179,Dirichlet_chi_-p,0.373165,2.868381,ok
2203,1,19,-2203,2203,Dirichlet_chi_-p,0.169223,1.302605,ok
2207,-1,23,-2207,2207,Dirichlet_chi_-p,0.858125,6.607035,ok
2213,-1,5,-8852,8852,Dirichlet_chi_-p,0.636192,4.900018,ok
2221,1,13,-8884,8884,Dirichlet_chi_-p,0.142833,1.100632,ok
2237,-1,5,-8948,8948,Dirichlet_chi_-p,0.362052,2.792471,ok
2239,1,7,-2239,2239,Dirichlet_chi_-p,0.947832,7.311369,ok
2243,-1,11,-2243,2243,Dirichlet_chi_-p,0.636279,4.909256,ok
2251,1,19,-2251,2251,Dirichlet_chi_-p,0.326659,2.521524,ok
2267,-1,11,-2267,2267,Dirichlet_chi_-p,0.413987,3.198553,ok
2269,1,13,-9076,9076,Dirichlet_chi_-p,0.706114,5.456209,ok
2273,-1,17,-9092,9092,Dirichlet_chi_-p,0.634915,4.907167,ok
2281,1,1,-9124,9124,Dirichlet_chi_-p,0.157369,1.216833,ok
2287,1,7,-2287,2287,Dirichlet_chi_-p,0.959676,7.423092,ok
2293,1,13,-9172,9172,Dirichlet_chi_-p,0.196883,1.523402,ok
2297,-1,17,-9188,9188,Dirichlet_chi_-p,0.606407,4.693200,ok
2309,-1,5,-9236,9236,Dirichlet_chi_-p,0.731910,5.668327,ok
2311,1,7,-2311,2311,Dirichlet_chi_-p,0.812662,6.294424,ok
2333,-1,5,-9332,9332,Dirichlet_chi_-p,0.461985,3.582655,ok
2339,-1,11,-2339,2339,Dirichlet_chi_-p,0.736706,5.714981,ok
2341,1,13,-9364,9364,Dirichlet_chi_-p,0.467428,3.626462,ok
2347,1,19,-2347,2347,Dirichlet_chi_-p,0.269874,2.094461,ok
2351,-1,23,-2351,2351,Dirichlet_chi_-p,1.288030,9.998458,ok
2357,-1,5,-9428,9428,Dirichlet_chi_-p,0.512621,3.980574,ok
2371,1,19,-2371,2371,Dirichlet_chi_-p,0.728799,5.663542,ok
2377,1,1,-9508,9508,Dirichlet_chi_-p,0.356617,2.772194,ok
2381,-1,5,-9524,9524,Dirichlet_chi_-p,0.362705,2.820131,ok
2383,1,7,-2383,2383,Dirichlet_chi_-p,0.913053,7.100007,ok
2389,1,13,-9556,9556,Dirichlet_chi_-p,0.611441,4.756176,ok
2393,-1,17,-9572,9572,Dirichlet_chi_-p,0.846322,6.584638,ok
2399,-1,23,-2399,2399,Dirichlet_chi_-p,1.117062,8.693876,ok
2411,-1,11,-2411,2411,Dirichlet_chi_-p,0.862236,6.714919,ok
2417,-1,17,-9668,9668,Dirichlet_chi_-p,0.441054,3.435932,ok
2423,-1,23,-2423,2423,Dirichlet_chi_-p,0.658935,5.134925,ok
2437,1,13,-9748,9748,Dirichlet_chi_-p,0.376755,2.938134,ok
2441,-1,17,-9764,9764,Dirichlet_chi_-p,0.860312,6.710573,ok
2447,-1,23,-2447,2447,Dirichlet_chi_-p,0.748531,5.840500,ok
2459,-1,11,-2459,2459,Dirichlet_chi_-p,0.728726,5.689539,ok
2467,1,19,-2467,2467,Dirichlet_chi_-p,0.375457,2.932600,ok
2473,1,1,-9892,9892,Dirichlet_chi_-p,0.460590,3.598680,ok
2477,-1,5,-9908,9908,Dirichlet_chi_-p,0.395585,3.091419,ok
2503,1,7,-2503,2503,Dirichlet_chi_-p,0.616526,4.824464,ok
2521,1,1,-10084,10084,Dirichlet_chi_-p,0.543929,4.260272,ok
2531,-1,11,-2531,2531,Dirichlet_chi_-p,0.610918,4.787380,ok
2539,1,19,-2539,2539,Dirichlet_chi_-p,0.542553,4.253360,ok
2543,-1,23,-2543,2543,Dirichlet_chi_-p,0.671343,5.264067,ok
2549,-1,5,-10196,10196,Dirichlet_chi_-p,0.850885,6.673877,ok
2551,1,7,-2551,2551,Dirichlet_chi_-p,1.146690,8.994914,ok
2557,1,13,-10228,10228,Dirichlet_chi_-p,0.397377,3.118056,ok
2579,-1,11,-2579,2579,Dirichlet_chi_-p,0.737237,5.791116,ok
2591,-1,23,-2591,2591,Dirichlet_chi_-p,1.041496,8.185952,ok
2593,1,1,-10372,10372,Dirichlet_chi_-p,0.398919,3.135734,ok
2609,-1,17,-10436,10436,Dirichlet_chi_-p,0.939837,7.393438,ok
2617,1,1,-10468,10468,Dirichlet_chi_-p,0.608748,4.790712,ok
2621,-1,5,-10484,10484,Dirichlet_chi_-p,0.626319,4.929956,ok
2633,-1,17,-10532,10532,Dirichlet_chi_-p,0.362647,2.856165,ok
2647,1,7,-2647,2647,Dirichlet_chi_-p,0.333900,2.631528,ok
2657,-1,17,-10628,10628,Dirichlet_chi_-p,0.333893,2.632733,ok
2659,1,19,-2659,2659,Dirichlet_chi_-p,0.661193,5.213970,ok
2663,-1,23,-2663,2663,Dirichlet_chi_-p,0.789769,6.229073,ok
2671,1,7,-2671,2671,Dirichlet_chi_-p,0.526487,4.154092,ok
2677,1,13,-10708,10708,Dirichlet_chi_-p,0.329424,2.599962,ok
2683,1,19,-2683,2683,Dirichlet_chi_-p,0.156679,1.236931,ok
2687,-1,23,-2687,2687,Dirichlet_chi_-p,0.989800,7.815643,ok
2689,1,1,-10756,10756,Dirichlet_chi_-p,0.360544,2.847188,ok
2693,-1,5,-10772,10772,Dirichlet_chi_-p,0.472347,3.730788,ok
2699,-1,11,-2699,2699,Dirichlet_chi_-p,0.493916,3.902252,ok
2707,1,19,-2707,2707,Dirichlet_chi_-p,0.331874,2.622997,ok
2711,-1,23,-2711,2711,Dirichlet_chi_-p,0.925197,7.313747,ok
2713,1,1,-10852,10852,Dirichlet_chi_-p,0.516431,4.082807,ok
2719,1,7,-2719,2719,Dirichlet_chi_-p,1.071875,8.476405,ok
2729,-1,17,-10916,10916,Dirichlet_chi_-p,0.873378,6.909899,ok
2731,1,19,-2731,2731,Dirichlet_chi_-p,0.656868,5.197416,ok
2741,-1,5,-10964,10964,Dirichlet_chi_-p,0.612956,4.852206,ok
2749,1,13,-10996,10996,Dirichlet_chi_-p,0.702320,5.561664,ok
2753,-1,17,-11012,11012,Dirichlet_chi_-p,0.196002,1.552420,ok
2767,1,7,-2767,2767,Dirichlet_chi_-p,0.564751,4.475946,ok
2777,-1,17,-11108,11108,Dirichlet_chi_-p,0.408742,3.240966,ok
2789,-1,5,-11156,11156,Dirichlet_chi_-p,0.867125,6.879285,ok
2791,1,7,-2791,2791,Dirichlet_chi_-p,0.906003,7.188365,ok
2797,1,13,-11188,11188,Dirichlet_chi_-p,0.376902,2.991210,ok
2801,-1,17,-11204,11204,Dirichlet_chi_-p,0.618031,4.905762,ok
2803,1,19,-2803,2803,Dirichlet_chi_-p,0.572796,4.547110,ok
2819,-1,11,-2819,2819,Dirichlet_chi_-p,0.686998,5.457610,ok
2833,1,1,-11332,11332,Dirichlet_chi_-p,0.605409,4.812450,ok
2837,-1,5,-11348,11348,Dirichlet_chi_-p,0.567584,4.512578,ok
2843,-1,11,-2843,2843,Dirichlet_chi_-p,0.628502,4.998231,ok
2851,1,19,-2851,2851,Dirichlet_chi_-p,0.565404,4.498025,ok
2857,1,1,-11428,11428,Dirichlet_chi_-p,0.292722,2.329340,ok
2861,-1,5,-11444,11444,Dirichlet_chi_-p,0.625086,4.975012,ok
2879,-1,23,-2879,2879,Dirichlet_chi_-p,0.951252,7.576910,ok
2887,1,7,-2887,2887,Dirichlet_chi_-p,0.624394,4.975155,ok
2897,-1,17,-11588,11588,Dirichlet_chi_-p,0.317984,2.534784,ok
2903,-1,23,-2903,2903,Dirichlet_chi_-p,1.185134,9.449665,ok
2909,-1,5,-11636,11636,Dirichlet_chi_-p,0.829867,6.618660,ok
2917,1,13,-11668,11668,Dirichlet_chi_-p,0.263861,2.105168,ok
2927,-1,23,-2927,2927,Dirichlet_chi_-p,0.522093,4.167210,ok
2939,-1,11,-2939,2939,Dirichlet_chi_-p,1.001061,7.994296,ok
2953,1,1,-11812,11812,Dirichlet_chi_-p,0.447187,3.573280,ok
2957,-1,5,-11828,11828,Dirichlet_chi_-p,0.660993,5.282607,ok
2963,-1,11,-2963,2963,Dirichlet_chi_-p,0.484067,3.869613,ok
2969,-1,17,-11876,11876,Dirichlet_chi_-p,0.484341,3.872783,ok
2971,1,19,-2971,2971,Dirichlet_chi_-p,0.489616,3.915289,ok
2999,-1,23,-2999,2999,Dirichlet_chi_-p,1.235621,9.892423,ok
3001,1,1,-12004,12004,Dirichlet_chi_-p,0.621684,4.977637,ok
3011,-1,11,-3011,3011,Dirichlet_chi_-p,0.703018,5.631190,ok
3019,1,19,-3019,3019,Dirichlet_chi_-p,0.199880,1.601574,ok
3023,-1,23,-3023,3023,Dirichlet_chi_-p,0.800914,6.418531,ok
3037,1,13,-12148,12148,Dirichlet_chi_-p,0.164055,1.315496,ok
3041,-1,17,-12164,12164,Dirichlet_chi_-p,0.875169,7.018804,ok
3049,1,1,-12196,12196,Dirichlet_chi_-p,0.397963,3.192684,ok
3061,1,13,-12244,12244,Dirichlet_chi_-p,0.487683,3.914385,ok
3067,1,19,-3067,3067,Dirichlet_chi_-p,0.429839,3.450944,ok
3079,1,7,-3079,3079,Dirichlet_chi_-p,0.912051,7.325918,ok
3083,-1,11,-3083,3083,Dirichlet_chi_-p,0.403887,3.244692,ok
3089,-1,17,-12356,12356,Dirichlet_chi_-p,0.292173,2.347783,ok
3109,1,13,-12436,12436,Dirichlet_chi_-p,0.397713,3.198430,ok
3119,-1,23,-3119,3119,Dirichlet_chi_-p,1.266643,10.190486,ok
3121,1,1,-12484,12484,Dirichlet_chi_-p,0.518137,4.168885,ok
3137,-1,17,-12548,12548,Dirichlet_chi_-p,0.748205,6.023813,ok
3163,1,19,-3163,3163,Dirichlet_chi_-p,0.413864,3.335442,ok
3167,-1,23,-3167,3167,Dirichlet_chi_-p,0.885297,7.135974,ok
3169,1,1,-12676,12676,Dirichlet_chi_-p,0.462900,3.731519,ok
3181,1,13,-12724,12724,Dirichlet_chi_-p,0.821453,6.624979,ok
3187,1,19,-3187,3187,Dirichlet_chi_-p,0.365710,2.950122,ok
3191,-1,23,-3191,3191,Dirichlet_chi_-p,1.081870,8.728620,ok
3203,-1,11,-3203,3203,Dirichlet_chi_-p,0.313423,2.529901,ok
3209,-1,17,-12836,12836,Dirichlet_chi_-p,0.732682,5.915464,ok
3217,1,1,-12868,12868,Dirichlet_chi_-p,0.166798,1.347098,ok
3221,-1,5,-12884,12884,Dirichlet_chi_-p,0.592423,4.785263,ok
3229,1,13,-12916,12916,Dirichlet_chi_-p,0.509527,4.116942,ok
3251,-1,11,-3251,3251,Dirichlet_chi_-p,1.023053,8.273143,ok
3253,1,13,-13012,13012,Dirichlet_chi_-p,0.608289,4.919432,ok
3257,-1,17,-13028,13028,Dirichlet_chi_-p,0.372996,3.016999,ok
3259,1,19,-3259,3259,Dirichlet_chi_-p,0.370033,2.993263,ok
3271,1,7,-3271,3271,Dirichlet_chi_-p,0.558853,4.522714,ok
3299,-1,11,-3299,3299,Dirichlet_chi_-p,0.971995,7.874496,ok
3301,1,13,-13204,13204,Dirichlet_chi_-p,0.559926,4.536513,ok
3307,1,19,-3307,3307,Dirichlet_chi_-p,0.428504,3.472513,ok
3313,1,1,-13252,13252,Dirichlet_chi_-p,0.504419,4.088626,ok
3319,1,7,-3319,3319,Dirichlet_chi_-p,1.036993,8.407336,ok
3323,-1,11,-3323,3323,Dirichlet_chi_-p,0.578289,4.689129,ok
3329,-1,17,-13316,13316,Dirichlet_chi_-p,0.790431,6.410734,ok
3331,1,19,-3331,3331,Dirichlet_chi_-p,0.704138,5.711281,ok
3343,1,7,-3343,3343,Dirichlet_chi_-p,0.405046,3.286800,ok
3347,-1,11,-3347,3347,Dirichlet_chi_-p,0.312081,2.532790,ok
3359,-1,23,-3359,3359,Dirichlet_chi_-p,1.019225,8.275492,ok
3361,1,1,-13444,13444,Dirichlet_chi_-p,0.207433,1.684353,ok
3371,-1,11,-3371,3371,Dirichlet_chi_-p,0.656545,5.333092,ok
3373,1,13,-13492,13492,Dirichlet_chi_-p,0.341540,2.774521,ok
3389,-1,5,-13556,13556,Dirichlet_chi_-p,0.402292,3.269948,ok
3391,1,7,-3391,3391,Dirichlet_chi_-p,0.740604,6.020282,ok
3407,-1,23,-3407,3407,Dirichlet_chi_-p,0.907989,7.385208,ok
3413,-1,5,-13652,13652,Dirichlet_chi_-p,0.476670,3.877877,ok
3433,1,1,-13732,13732,Dirichlet_chi_-p,0.262172,2.134393,ok
3449,-1,17,-13796,13796,Dirichlet_chi_-p,0.944387,7.692822,ok
3457,1,1,-13828,13828,Dirichlet_chi_-p,0.421500,3.434445,ok
3461,-1,5,-13844,13844,Dirichlet_chi_-p,0.854171,6.960903,ok
3463,1,7,-3463,3463,Dirichlet_chi_-p,0.341271,2.781324,ok
3467,-1,11,-3467,3467,Dirichlet_chi_-p,0.740613,6.036769,ok
3469,1,13,-13876,13876,Dirichlet_chi_-p,0.445313,3.630025,ok
3491,-1,11,-3491,3491,Dirichlet_chi_-p,0.643982,5.253570,ok
3499,1,19,-3499,3499,Dirichlet_chi_-p,0.418002,3.410995,ok
3511,1,7,-3511,3511,Dirichlet_chi_-p,0.936022,7.641361,ok
3517,1,13,-14068,14068,Dirichlet_chi_-p,0.423441,3.457550,ok
3527,-1,23,-3527,3527,Dirichlet_chi_-p,1.128656,9.219095,ok
3529,1,1,-14116,14116,Dirichlet_chi_-p,0.363575,2.969961,ok
3533,-1,5,-14132,14132,Dirichlet_chi_-p,0.742069,6.062632,ok
3539,-1,11,-3539,3539,Dirichlet_chi_-p,0.680271,5.558903,ok
3541,1,13,-14164,14164,Dirichlet_chi_-p,0.446175,3.646213,ok
3547,1,19,-3547,3547,Dirichlet_chi_-p,0.463295,3.786910,ok
3557,-1,5,-14228,14228,Dirichlet_chi_-p,0.276490,2.260766,ok
3559,1,7,-3559,3559,Dirichlet_chi_-p,0.900095,7.360285,ok
3571,1,19,-3571,3571,Dirichlet_chi_-p,0.799697,6.541999,ok
3581,-1,5,-14324,14324,Dirichlet_chi_-p,0.366172,2.996528,ok
3583,1,7,-3583,3583,Dirichlet_chi_-p,0.628838,5.146381,ok
3593,-1,17,-14372,14372,Dirichlet_chi_-p,0.360661,2.952639,ok
3607,1,7,-3607,3607,Dirichlet_chi_-p,0.374589,3.068121,ok
3613,1,13,-14452,14452,Dirichlet_chi_-p,0.600382,4.918505,ok
3617,-1,17,-14468,14468,Dirichlet_chi_-p,0.620584,5.084695,ok
3623,-1,23,-3623,3623,Dirichlet_chi_-p,0.706197,5.787324,ok
3631,1,7,-3631,3631,Dirichlet_chi_-p,0.860245,7.051659,ok
3637,1,13,-14548,14548,Dirichlet_chi_-p,0.238719,1.957236,ok
3643,1,19,-3643,3643,Dirichlet_chi_-p,0.350076,2.870817,ok
3659,-1,11,-3659,3659,Dirichlet_chi_-p,0.830010,6.810190,ok
3671,-1,23,-3671,3671,Dirichlet_chi_-p,1.207418,9.910750,ok
3673,1,1,-14692,14692,Dirichlet_chi_-p,0.376939,3.094205,ok
3677,-1,5,-14708,14708,Dirichlet_chi_-p,0.264940,2.175120,ok
3691,1,19,-3691,3691,Dirichlet_chi_-p,0.569089,4.674300,ok
3697,1,1,-14788,14788,Dirichlet_chi_-p,0.351991,2.891706,ok
3701,-1,5,-14804,14804,Dirichlet_chi_-p,0.808595,6.643707,ok
3709,1,13,-14836,14836,Dirichlet_chi_-p,0.476861,3.919093,ok
3719,-1,23,-3719,3719,Dirichlet_chi_-p,0.968098,7.958935,ok
3727,1,7,-3727,3727,Dirichlet_chi_-p,0.685976,5.641029,ok
3733,1,13,-14932,14932,Dirichlet_chi_-p,0.275658,2.267274,ok
3739,1,19,-3739,3739,Dirichlet_chi_-p,0.439962,3.619379,ok
3761,-1,17,-15044,15044,Dirichlet_chi_-p,0.712684,5.867127,ok
3767,-1,23,-3767,3767,Dirichlet_chi_-p,0.567668,4.674194,ok
3769,1,1,-15076,15076,Dirichlet_chi_-p,0.585489,4.821246,ok
3779,-1,11,-3779,3779,Dirichlet_chi_-p,0.872048,7.183246,ok
3793,1,1,-15172,15172,Dirichlet_chi_-p,0.609622,5.023841,ok
3797,-1,5,-15188,15188,Dirichlet_chi_-p,0.510391,4.206626,ok
3803,-1,11,-3803,3803,Dirichlet_chi_-p,0.476506,3.928096,ok
3821,-1,5,-15284,15284,Dirichlet_chi_-p,0.826556,6.817652,ok
3823,1,7,-3823,3823,Dirichlet_chi_-p,0.695157,5.734209,ok
3833,-1,17,-15332,15332,Dirichlet_chi_-p,0.454948,3.753957,ok
3847,1,7,-3847,3847,Dirichlet_chi_-p,0.477652,3.943041,ok
3851,-1,11,-3851,3851,Dirichlet_chi_-p,0.751821,6.207098,ok
3853,1,13,-15412,15412,Dirichlet_chi_-p,0.390682,3.225706,ok
3863,-1,23,-3863,3863,Dirichlet_chi_-p,0.910602,7.520841,ok
3877,1,13,-15508,15508,Dirichlet_chi_-p,0.443595,3.665341,ok
3881,-1,17,-15524,15524,Dirichlet_chi_-p,0.558516,4.615495,ok
3889,1,1,-15556,15556,Dirichlet_chi_-p,0.463610,3.832155,ok
3907,1,19,-3907,3907,Dirichlet_chi_-p,0.281625,2.329190,ok
3911,-1,23,-3911,3911,Dirichlet_chi_-p,1.166714,9.650528,ok
3917,-1,5,-15668,15668,Dirichlet_chi_-p,0.378860,3.134337,ok
3919,1,7,-3919,3919,Dirichlet_chi_-p,0.705707,5.838734,ok
3923,-1,11,-3923,3923,Dirichlet_chi_-p,0.717791,5.939440,ok
3929,-1,17,-15716,15716,Dirichlet_chi_-p,0.815443,6.748719,ok
3931,1,19,-3931,3931,Dirichlet_chi_-p,0.486397,4.025739,ok
3943,1,7,-3943,3943,Dirichlet_chi_-p,0.636969,5.273912,ok
3947,-1,11,-3947,3947,Dirichlet_chi_-p,0.494963,4.098647,ok
3967,1,7,-3967,3967,Dirichlet_chi_-p,0.707553,5.862622,ok
3989,-1,5,-15956,15956,Dirichlet_chi_-p,0.846981,7.022574,ok
4001,-1,17,-16004,16004,Dirichlet_chi_-p,0.581489,4.823045,ok
4003,1,19,-4003,4003,Dirichlet_chi_-p,0.631177,5.235489,ok
4007,-1,23,-4007,4007,Dirichlet_chi_-p,0.811928,6.735593,ok
4013,-1,5,-16052,16052,Dirichlet_chi_-p,0.363701,3.017737,ok
4019,-1,11,-4019,4019,Dirichlet_chi_-p,0.495554,4.112495,ok
4021,1,13,-16084,16084,Dirichlet_chi_-p,0.864215,7.172363,ok
4027,1,19,-4027,4027,Dirichlet_chi_-p,0.534084,4.433315,ok
4049,-1,17,-16196,16196,Dirichlet_chi_-p,0.535200,4.445488,ok
4051,1,19,-4051,4051,Dirichlet_chi_-p,0.360749,2.996643,ok
4057,1,1,-16228,16228,Dirichlet_chi_-p,0.228915,1.901870,ok
4073,-1,17,-16292,16292,Dirichlet_chi_-p,0.499901,4.155246,ok
4079,-1,23,-4079,4079,Dirichlet_chi_-p,1.191213,9.903277,ok
4091,-1,11,-4091,4091,Dirichlet_chi_-p,0.906073,7.535395,ok
4093,1,13,-16372,16372,Dirichlet_chi_-p,0.289604,2.408647,ok
4099,1,19,-4099,4099,Dirichlet_chi_-p,0.649153,5.399976,ok
4111,1,7,-4111,4111,Dirichlet_chi_-p,0.735750,6.122483,ok
4127,-1,23,-4127,4127,Dirichlet_chi_-p,0.704815,5.867798,ok
4129,1,1,-16516,16516,Dirichlet_chi_-p,0.371723,3.094891,ok
4133,-1,5,-16532,16532,Dirichlet_chi_-p,0.766477,6.382270,ok
4139,-1,11,-4139,4139,Dirichlet_chi_-p,0.477493,3.976659,ok
4153,1,1,-16612,16612,Dirichlet_chi_-p,0.213855,1.781751,ok
4157,-1,5,-16628,16628,Dirichlet_chi_-p,0.836412,6.969448,ok
4159,1,7,-4159,4159,Dirichlet_chi_-p,0.542062,4.517018,ok
4177,1,1,-16708,16708,Dirichlet_chi_-p,0.672538,5.607186,ok
4201,1,1,-16804,16804,Dirichlet_chi_-p,0.395523,3.299881,ok
4211,-1,11,-4211,4211,Dirichlet_chi_-p,0.617645,5.154530,ok
4217,-1,17,-16868,16868,Dirichlet_chi_-p,0.423117,3.531702,ok
4219,1,19,-4219,4219,Dirichlet_chi_-p,0.552313,4.610351,ok
4229,-1,5,-16916,16916,Dirichlet_chi_-p,0.687922,5.743956,ok
4231,1,7,-4231,4231,Dirichlet_chi_-p,0.969546,8.095899,ok
4241,-1,17,-16964,16964,Dirichlet_chi_-p,0.918235,7.669612,ok
4243,1,19,-4243,4243,Dirichlet_chi_-p,0.518896,4.334355,ok
4253,-1,5,-17012,17012,Dirichlet_chi_-p,0.338436,2.827765,ok
4259,-1,11,-4259,4259,Dirichlet_chi_-p,1.068880,8.932404,ok
4261,1,13,-17044,17044,Dirichlet_chi_-p,0.288983,2.415106,ok
4271,-1,23,-4271,4271,Dirichlet_chi_-p,0.827132,6.914493,ok
4273,1,1,-17092,17092,Dirichlet_chi_-p,0.212347,1.775236,ok
4283,-1,11,-4283,4283,Dirichlet_chi_-p,0.637613,5.331978,ok
4289,-1,17,-17156,17156,Dirichlet_chi_-p,1.012955,8.472166,ok
4297,1,1,-17188,17188,Dirichlet_chi_-p,0.489713,4.096775,ok
4327,1,7,-4327,4327,Dirichlet_chi_-p,0.314225,2.630891,ok
4337,-1,17,-17348,17348,Dirichlet_chi_-p,0.238533,1.997697,ok
4339,1,19,-4339,4339,Dirichlet_chi_-p,0.677182,5.671671,ok
4349,-1,5,-17396,17396,Dirichlet_chi_-p,0.155654,1.304026,ok
4357,1,13,-17428,17428,Dirichlet_chi_-p,0.505449,4.235426,ok
4363,1,19,-4363,4363,Dirichlet_chi_-p,0.483601,4.053020,ok
4373,-1,5,-17492,17492,Dirichlet_chi_-p,0.628220,5.266494,ok
4391,-1,23,-4391,4391,Dirichlet_chi_-p,1.054638,8.845580,ok
4397,-1,5,-17588,17588,Dirichlet_chi_-p,0.495173,4.153845,ok
4409,-1,17,-17636,17636,Dirichlet_chi_-p,0.454866,3.816967,ok
4421,-1,5,-17684,17684,Dirichlet_chi_-p,0.734916,6.168972,ok
4423,1,7,-4423,4423,Dirichlet_chi_-p,0.656791,5.513484,ok
4441,1,1,-17764,17764,Dirichlet_chi_-p,0.702103,5.896711,ok
4447,1,7,-4447,4447,Dirichlet_chi_-p,0.200101,1.680844,ok
4451,-1,11,-4451,4451,Dirichlet_chi_-p,0.701612,5.894157,ok
4457,-1,17,-17828,17828,Dirichlet_chi_-p,0.500781,4.207677,ok
4463,-1,23,-4463,4463,Dirichlet_chi_-p,0.761349,6.398054,ok
4481,-1,17,-17924,17924,Dirichlet_chi_-p,0.468239,3.936766,ok
4483,1,19,-4483,4483,Dirichlet_chi_-p,0.282010,2.371158,ok
4493,-1,5,-17972,17972,Dirichlet_chi_-p,0.133539,1.123102,ok
4507,1,19,-4507,4507,Dirichlet_chi_-p,0.561207,4.721649,ok
4513,1,1,-18052,18052,Dirichlet_chi_-p,0.150933,1.270059,ok
4517,-1,5,-18068,18068,Dirichlet_chi_-p,0.538462,4.531486,ok
4519,1,7,-4519,4519,Dirichlet_chi_-p,0.467862,3.937551,ok
4523,-1,11,-4523,4523,Dirichlet_chi_-p,0.677635,5.703603,ok
4547,-1,11,-4547,4547,Dirichlet_chi_-p,0.513295,4.323083,ok
4549,1,13,-18196,18196,Dirichlet_chi_-p,0.676981,5.701981,ok
4561,1,1,-18244,18244,Dirichlet_chi_-p,0.432605,3.644823,ok
4567,1,7,-4567,4567,Dirichlet_chi_-p,0.602007,5.072881,ok
4583,-1,23,-4583,4583,Dirichlet_chi_-p,0.783389,6.604056,ok
4591,1,7,-4591,4591,Dirichlet_chi_-p,0.883449,7.449116,ok
4597,1,13,-18388,18388,Dirichlet_chi_-p,0.613277,5.171859,ok
4603,1,19,-4603,4603,Dirichlet_chi_-p,0.220177,1.857075,ok
4621,1,13,-18484,18484,Dirichlet_chi_-p,0.188416,1.589919,ok
4637,-1,5,-18548,18548,Dirichlet_chi_-p,0.675906,5.705878,ok
4639,1,7,-4639,4639,Dirichlet_chi_-p,0.865320,7.305255,ok
4643,-1,11,-4643,4643,Dirichlet_chi_-p,0.303039,2.558592,ok
4649,-1,17,-18596,18596,Dirichlet_chi_-p,0.755815,6.382406,ok
4651,1,19,-4651,4651,Dirichlet_chi_-p,0.639019,5.396411,ok
4657,1,1,-18628,18628,Dirichlet_chi_-p,0.280664,2.370524,ok
4663,1,7,-4663,4663,Dirichlet_chi_-p,0.736774,6.223834,ok
4673,-1,17,-18692,18692,Dirichlet_chi_-p,0.532716,4.501217,ok
4679,-1,23,-4679,4679,Dirichlet_chi_-p,1.155595,9.765751,ok
4691,-1,11,-4691,4691,Dirichlet_chi_-p,0.498619,4.215023,ok
4703,-1,23,-4703,4703,Dirichlet_chi_-p,1.073822,9.080193,ok
4721,-1,17,-18884,18884,Dirichlet_chi_-p,0.606411,5.130098,ok
4723,1,19,-4723,4723,Dirichlet_chi_-p,0.297710,2.518686,ok
4729,1,1,-18916,18916,Dirichlet_chi_-p,0.436655,3.694742,ok
4733,-1,5,-18932,18932,Dirichlet_chi_-p,0.652426,5.521034,ok
4751,-1,23,-4751,4751,Dirichlet_chi_-p,1.090367,9.231166,ok
4759,1,7,-4759,4759,Dirichlet_chi_-p,0.934112,7.909871,ok
4783,1,7,-4783,4783,Dirichlet_chi_-p,0.405400,3.434883,ok
4787,-1,11,-4787,4787,Dirichlet_chi_-p,0.686958,5.821048,ok
4789,1,13,-19156,19156,Dirichlet_chi_-p,0.299706,2.539732,ok
4793,-1,17,-19172,19172,Dirichlet_chi_-p,0.571128,4.840262,ok
4799,-1,23,-4799,4799,Dirichlet_chi_-p,0.724416,6.140270,ok
4801,1,1,-19204,19204,Dirichlet_chi_-p,0.685146,5.807695,ok
4813,1,13,-19252,19252,Dirichlet_chi_-p,0.424517,3.599512,ok
4817,-1,17,-19268,19268,Dirichlet_chi_-p,0.528713,4.483435,ok
4831,1,7,-4831,4831,Dirichlet_chi_-p,0.510849,4.333434,ok
4861,1,13,-19444,19444,Dirichlet_chi_-p,0.639203,5.426192,ok
4871,-1,23,-4871,4871,Dirichlet_chi_-p,1.087522,9.234207,ok
4877,-1,5,-19508,19508,Dirichlet_chi_-p,0.576948,4.899609,ok
4889,-1,17,-19556,19556,Dirichlet_chi_-p,0.603246,5.124419,ok
4903,1,7,-4903,4903,Dirichlet_chi_-p,0.421249,3.579602,ok
4909,1,13,-19636,19636,Dirichlet_chi_-p,0.254391,2.162028,ok
4919,-1,23,-4919,4919,Dirichlet_chi_-p,1.057252,8.987554,ok
4931,-1,11,-4931,4931,Dirichlet_chi_-p,0.866612,7.369058,ok
4933,1,13,-19732,19732,Dirichlet_chi_-p,0.242550,2.062575,ok
4937,-1,17,-19748,19748,Dirichlet_chi_-p,0.325837,2.771081,ok
4943,-1,23,-4943,4943,Dirichlet_chi_-p,0.721877,6.140092,ok
4951,1,7,-4951,4951,Dirichlet_chi_-p,0.472659,4.021076,ok
4957,1,13,-19828,19828,Dirichlet_chi_-p,0.323945,2.756302,ok
4967,-1,23,-4967,4967,Dirichlet_chi_-p,0.771336,6.564508,ok
4969,1,1,-19876,19876,Dirichlet_chi_-p,0.583354,4.964907,ok
4973,-1,5,-19892,19892,Dirichlet_chi_-p,0.551656,4.695577,ok
4987,1,19,-4987,4987,Dirichlet_chi_-p,0.314636,2.678995,ok
4993,1,1,-19972,19972,Dirichlet_chi_-p,0.510437,4.346777,ok
4999,1,7,-4999,4999,Dirichlet_chi_-p,0.512732,4.366936,ok
5003,-1,11,-5003,5003,Dirichlet_chi_-p,0.297400,2.533191,ok
5009,-1,17,-20036,20036,Dirichlet_chi_-p,0.358087,3.050537,ok
5011,1,19,-5011,5011,Dirichlet_chi_-p,0.864350,7.363736,ok
5021,-1,5,-20084,20084,Dirichlet_chi_-p,0.600135,5.113981,ok
5023,1,7,-5023,5023,Dirichlet_chi_-p,0.435844,3.714172,ok
5039,-1,23,-5039,5039,Dirichlet_chi_-p,0.921984,7.859881,ok
5051,-1,11,-5051,5051,Dirichlet_chi_-p,0.738765,6.299702,ok
5059,1,19,-5059,5059,Dirichlet_chi_-p,0.732637,6.248604,ok
5077,1,13,-20308,20308,Dirichlet_chi_-p,0.191063,1.630245,ok
5081,-1,17,-20324,20324,Dirichlet_chi_-p,0.866356,7.392840,ok
5087,-1,23,-5087,5087,Dirichlet_chi_-p,0.862944,7.364746,ok
5099,-1,11,-5099,5099,Dirichlet_chi_-p,0.975641,8.328851,ok
5101,1,13,-20404,20404,Dirichlet_chi_-p,0.413456,3.529750,ok
5107,1,19,-5107,5107,Dirichlet_chi_-p,0.244359,2.086425,ok
5113,1,1,-20452,20452,Dirichlet_chi_-p,0.703698,6.009255,ok
5119,1,7,-5119,5119,Dirichlet_chi_-p,0.625797,5.344752,ok
5147,-1,11,-5147,5147,Dirichlet_chi_-p,0.500118,4.274096,ok
5153,-1,17,-20612,20612,Dirichlet_chi_-p,0.131709,1.125762,ok
5167,1,7,-5167,5167,Dirichlet_chi_-p,0.686826,5.872396,ok
5171,-1,11,-5171,5171,Dirichlet_chi_-p,0.839416,7.177700,ok
5179,1,19,-5179,5179,Dirichlet_chi_-p,0.248398,2.124395,ok
5189,-1,5,-20756,20756,Dirichlet_chi_-p,0.872106,7.460257,ok
5197,1,13,-20788,20788,Dirichlet_chi_-p,0.394379,3.374242,ok
5209,1,1,-20836,20836,Dirichlet_chi_-p,0.459974,3.936522,ok
5227,1,19,-5227,5227,Dirichlet_chi_-p,0.620612,5.313428,ok
5231,-1,23,-5231,5231,Dirichlet_chi_-p,0.827440,7.084841,ok
5233,1,1,-20932,20932,Dirichlet_chi_-p,0.247453,2.118872,ok
5237,-1,5,-20948,20948,Dirichlet_chi_-p,0.354954,3.039652,ok
5261,-1,5,-21044,21044,Dirichlet_chi_-p,0.603764,5.173094,ok
5273,-1,17,-21092,21092,Dirichlet_chi_-p,0.242094,2.074832,ok
5279,-1,23,-5279,5279,Dirichlet_chi_-p,1.022254,8.762242,ok
5281,1,1,-21124,21124,Dirichlet_chi_-p,0.521937,4.473978,ok
5297,-1,17,-21188,21188,Dirichlet_chi_-p,0.555178,4.760596,ok
5303,-1,23,-5303,5303,Dirichlet_chi_-p,0.680829,5.838810,ok
5309,-1,5,-21236,21236,Dirichlet_chi_-p,0.719343,6.169920,ok
5323,1,19,-5323,5323,Dirichlet_chi_-p,0.704361,6.043271,ok
5333,-1,5,-21332,21332,Dirichlet_chi_-p,0.432437,3.711029,ok
5347,1,19,-5347,5347,Dirichlet_chi_-p,0.526724,4.521550,ok
5351,-1,23,-5351,5351,Dirichlet_chi_-p,1.036587,8.899137,ok
5381,-1,5,-21524,21524,Dirichlet_chi_-p,0.926240,7.956987,ok
5387,-1,11,-5387,5387,Dirichlet_chi_-p,0.725845,6.236275,ok
5393,-1,17,-21572,21572,Dirichlet_chi_-p,0.631535,5.426687,ok
5399,-1,23,-5399,5399,Dirichlet_chi_-p,0.882840,7.587104,ok
5407,1,7,-5407,5407,Dirichlet_chi_-p,0.790544,6.795081,ok
5413,1,13,-21652,21652,Dirichlet_chi_-p,0.072295,0.621490,ok
5417,-1,17,-21668,21668,Dirichlet_chi_-p,0.577791,4.967444,ok
5419,1,19,-5419,5419,Dirichlet_chi_-p,0.408635,3.513307,ok
5431,1,7,-5431,5431,Dirichlet_chi_-p,0.860269,7.398206,ok
5437,1,13,-21748,21748,Dirichlet_chi_-p,0.272060,2.339981,ok
5441,-1,17,-21764,21764,Dirichlet_chi_-p,0.403983,3.474945,ok
5443,1,19,-5443,5443,Dirichlet_chi_-p,0.411893,3.543136,ok
5449,1,1,-21796,21796,Dirichlet_chi_-p,0.638834,5.496005,ok
5471,-1,23,-5471,5471,Dirichlet_chi_-p,0.760878,6.549039,ok
5477,-1,5,-21908,21908,Dirichlet_chi_-p,0.541289,4.659585,ok
5479,1,7,-5479,5479,Dirichlet_chi_-p,0.613646,5.282680,ok
5483,-1,11,-5483,5483,Dirichlet_chi_-p,0.423353,3.644820,ok
5501,-1,5,-22004,22004,Dirichlet_chi_-p,0.535426,4.611451,ok
5503,1,7,-5503,5503,Dirichlet_chi_-p,0.412760,3.555120,ok
5507,-1,11,-5507,5507,Dirichlet_chi_-p,0.541191,4.661698,ok
5519,-1,23,-5519,5519,Dirichlet_chi_-p,1.044578,9.000030,ok
5521,1,1,-22084,22084,Dirichlet_chi_-p,0.584748,5.038369,ok
5527,1,7,-5527,5527,Dirichlet_chi_-p,0.200036,1.723789,ok
5531,-1,11,-5531,5531,Dirichlet_chi_-p,0.500297,4.311622,ok
5557,1,13,-22228,22228,Dirichlet_chi_-p,0.336788,2.904059,ok
5563,1,19,-5563,5563,Dirichlet_chi_-p,0.558848,4.819447,ok
5569,1,1,-22276,22276,Dirichlet_chi_-p,0.287218,2.477250,ok
5573,-1,5,-22292,22292,Dirichlet_chi_-p,0.510692,4.405068,ok
5581,1,13,-22324,22324,Dirichlet_chi_-p,0.458392,3.954601,ok
5591,-1,23,-5591,5591,Dirichlet_chi_-p,1.093161,9.432791,ok
5623,1,7,-5623,5623,Dirichlet_chi_-p,0.628874,5.430088,ok
5639,-1,23,-5639,5639,Dirichlet_chi_-p,0.945365,8.165553,ok
5641,1,1,-22564,22564,Dirichlet_chi_-p,0.288154,2.489022,ok
5647,1,7,-5647,5647,Dirichlet_chi_-p,0.183689,1.586869,ok
5651,-1,11,-5651,5651,Dirichlet_chi_-p,0.707444,6.112024,ok
5653,1,13,-22612,22612,Dirichlet_chi_-p,0.390677,3.375428,ok
5657,-1,17,-22628,22628,Dirichlet_chi_-p,0.496277,4.288154,ok
5659,1,19,-5659,5659,Dirichlet_chi_-p,0.641811,5.545894,ok
5669,-1,5,-22676,22676,Dirichlet_chi_-p,0.681262,5.887989,ok
5683,1,19,-5683,5683,Dirichlet_chi_-p,0.348427,3.012236,ok
5689,1,1,-22756,22756,Dirichlet_chi_-p,0.476291,4.118152,ok
5693,-1,5,-22772,22772,Dirichlet_chi_-p,0.456955,3.951282,ok
5701,1,13,-22804,22804,Dirichlet_chi_-p,0.278015,2.404386,ok
5711,-1,23,-5711,5711,Dirichlet_chi_-p,1.269628,10.982475,ok
5717,-1,5,-22868,22868,Dirichlet_chi_-p,0.574158,4.967156,ok
5737,1,1,-22948,22948,Dirichlet_chi_-p,0.448442,3.881131,ok
5741,-1,5,-22964,22964,Dirichlet_chi_-p,0.702395,6.079501,ok
5743,1,7,-5743,5743,Dirichlet_chi_-p,0.415843,3.599425,ok
5749,1,13,-22996,22996,Dirichlet_chi_-p,0.586531,5.077468,ok
5779,1,19,-5779,5779,Dirichlet_chi_-p,0.441567,3.824846,ok
5783,-1,23,-5783,5783,Dirichlet_chi_-p,0.597287,5.174105,ok
5791,1,7,-5791,5791,Dirichlet_chi_-p,0.453104,3.925720,ok
5801,-1,17,-23204,23204,Dirichlet_chi_-p,0.735328,6.372192,ok
5807,-1,23,-5807,5807,Dirichlet_chi_-p,0.778148,6.744069,ok
5813,-1,5,-23252,23252,Dirichlet_chi_-p,0.657864,5.702271,ok
5821,1,13,-23284,23284,Dirichlet_chi_-p,0.495700,4.297339,ok
5827,1,19,-5827,5827,Dirichlet_chi_-p,0.545533,4.729910,ok
5839,1,7,-5839,5839,Dirichlet_chi_-p,0.537843,4.664344,ok
5843,-1,11,-5843,5843,Dirichlet_chi_-p,0.604708,5.244636,ok
5849,-1,17,-23396,23396,Dirichlet_chi_-p,0.744081,6.454182,ok
5851,1,19,-5851,5851,Dirichlet_chi_-p,0.655277,5.684117,ok
5857,1,1,-23428,23428,Dirichlet_chi_-p,0.464555,4.030198,ok
5861,-1,5,-23444,23444,Dirichlet_chi_-p,0.386789,3.355811,ok
5867,-1,11,-5867,5867,Dirichlet_chi_-p,0.576970,5.006430,ok
5869,1,13,-23476,23476,Dirichlet_chi_-p,0.352594,3.059611,ok
5879,-1,23,-5879,5879,Dirichlet_chi_-p,1.070192,9.288345,ok
5881,1,1,-23524,23524,Dirichlet_chi_-p,0.662797,5.752738,ok
5897,-1,17,-23588,23588,Dirichlet_chi_-p,0.204046,1.771567,ok
5903,-1,23,-5903,5903,Dirichlet_chi_-p,0.944778,8.203711,ok
5923,1,19,-5923,5923,Dirichlet_chi_-p,0.154845,1.345079,ok
5927,-1,23,-5927,5927,Dirichlet_chi_-p,0.791406,6.875159,ok
5939,-1,11,-5939,5939,Dirichlet_chi_-p,0.716314,6.224264,ok
5953,1,1,-23812,23812,Dirichlet_chi_-p,0.549748,4.778221,ok
5981,-1,5,-23924,23924,Dirichlet_chi_-p,0.828542,7.205286,ok
5987,-1,11,-5987,5987,Dirichlet_chi_-p,0.309180,2.689045,ok
6007,1,7,-6007,6007,Dirichlet_chi_-p,0.436212,3.795340,ok
6011,-1,11,-6011,6011,Dirichlet_chi_-p,0.509139,4.430199,ok
6029,-1,5,-24116,24116,Dirichlet_chi_-p,0.412129,3.587309,ok
6037,1,13,-24148,24148,Dirichlet_chi_-p,0.332808,2.897318,ok
6043,1,19,-6043,6043,Dirichlet_chi_-p,0.400035,3.482965,ok
6047,-1,23,-6047,6047,Dirichlet_chi_-p,0.764646,6.658020,ok
6053,-1,5,-24212,24212,Dirichlet_chi_-p,0.229933,2.002327,ok
6067,1,19,-6067,6067,Dirichlet_chi_-p,0.543010,4.729950,ok
6073,1,1,-24292,24292,Dirichlet_chi_-p,0.265311,2.311285,ok
6079,1,7,-6079,6079,Dirichlet_chi_-p,0.807471,7.035169,ok
6089,-1,17,-24356,24356,Dirichlet_chi_-p,0.752984,6.561680,ok
6091,1,19,-6091,6091,Dirichlet_chi_-p,0.515946,4.496243,ok
6101,-1,5,-24404,24404,Dirichlet_chi_-p,0.740698,6.456075,ok
6113,-1,17,-24452,24452,Dirichlet_chi_-p,0.544079,4.743376,ok
6121,1,1,-24484,24484,Dirichlet_chi_-p,0.332681,2.900802,ok
6131,-1,11,-6131,6131,Dirichlet_chi_-p,0.611792,5.335506,ok
6133,1,13,-24532,24532,Dirichlet_chi_-p,0.638761,5.570919,ok
6143,-1,23,-6143,6143,Dirichlet_chi_-p,0.395987,3.454219,ok
6151,1,7,-6151,6151,Dirichlet_chi_-p,0.855347,7.462364,ok
6163,1,19,-6163,6163,Dirichlet_chi_-p,0.313357,2.734457,ok
6173,-1,5,-24692,24692,Dirichlet_chi_-p,0.505350,4.410661,ok
6197,-1,5,-24788,24788,Dirichlet_chi_-p,0.653340,5.704844,ok
6199,1,7,-6199,6199,Dirichlet_chi_-p,0.527850,4.609259,ok
6203,-1,11,-6203,6203,Dirichlet_chi_-p,0.349733,3.054145,ok
6211,1,19,-6211,6211,Dirichlet_chi_-p,0.454931,3.973401,ok
6217,1,1,-24868,24868,Dirichlet_chi_-p,0.385701,3.369119,ok
6221,-1,5,-24884,24884,Dirichlet_chi_-p,0.814399,7.114336,ok
6229,1,13,-24916,24916,Dirichlet_chi_-p,0.399414,3.489669,ok
6247,1,7,-6247,6247,Dirichlet_chi_-p,0.702729,6.141751,ok
6257,-1,17,-25028,25028,Dirichlet_chi_-p,0.534010,4.668026,ok
6263,-1,23,-6263,6263,Dirichlet_chi_-p,0.857389,7.495648,ok
6269,-1,5,-25076,25076,Dirichlet_chi_-p,0.876140,7.660418,ok
6271,1,7,-6271,6271,Dirichlet_chi_-p,0.695239,6.078956,ok
6277,1,13,-25108,25108,Dirichlet_chi_-p,0.598348,5.232341,ok
6287,-1,23,-6287,6287,Dirichlet_chi_-p,0.524739,4.589492,ok
6299,-1,11,-6299,6299,Dirichlet_chi_-p,0.964423,8.436909,ok
6301,1,13,-25204,25204,Dirichlet_chi_-p,0.409148,3.579416,ok
6311,-1,23,-6311,6311,Dirichlet_chi_-p,0.894128,7.823663,ok
6317,-1,5,-25268,25268,Dirichlet_chi_-p,0.583979,5.110397,ok
6323,-1,11,-6323,6323,Dirichlet_chi_-p,0.575879,5.040063,ok
6329,-1,17,-25316,25316,Dirichlet_chi_-p,0.334585,2.928587,ok
6337,1,1,-25348,25348,Dirichlet_chi_-p,0.406537,3.558886,ok
6343,1,7,-6343,6343,Dirichlet_chi_-p,0.536901,4.700625,ok
6353,-1,17,-25412,25412,Dirichlet_chi_-p,0.628685,5.505194,ok
6359,-1,23,-6359,6359,Dirichlet_chi_-p,0.990428,8.673796,ok
6361,1,1,-25444,25444,Dirichlet_chi_-p,0.440885,3.861241,ok
6367,1,7,-6367,6367,Dirichlet_chi_-p,0.742121,6.500152,ok
6373,1,13,-25492,25492,Dirichlet_chi_-p,0.365053,3.197801,ok
6379,1,19,-6379,6379,Dirichlet_chi_-p,0.507713,4.447951,ok
6389,-1,5,-25556,25556,Dirichlet_chi_-p,0.512001,4.486326,ok
6397,1,13,-25588,25588,Dirichlet_chi_-p,0.684108,5.995238,ok
6421,1,13,-25684,25684,Dirichlet_chi_-p,0.324669,2.846483,ok
6427,1,19,-6427,6427,Dirichlet_chi_-p,0.371311,3.255755,ok
6449,-1,17,-25796,25796,Dirichlet_chi_-p,0.482844,4.235350,ok
6451,1,19,-6451,6451,Dirichlet_chi_-p,0.583613,5.119447,ok
6469,1,13,-25876,25876,Dirichlet_chi_-p,0.256672,2.252240,ok
6473,-1,17,-25892,25892,Dirichlet_chi_-p,0.660297,5.794364,ok
6481,1,1,-25924,25924,Dirichlet_chi_-p,0.458592,4.024894,ok
6491,-1,11,-6491,6491,Dirichlet_chi_-p,0.670151,5.882700,ok
6521,-1,17,-26084,26084,Dirichlet_chi_-p,0.383540,3.368549,ok
6529,1,1,-26116,26116,Dirichlet_chi_-p,0.872053,7.660125,ok
6547,1,19,-6547,6547,Dirichlet_chi_-p,0.446520,3.923464,ok
6551,-1,23,-6551,6551,Dirichlet_chi_-p,1.237300,10.872620,ok
6553,1,1,-26212,26212,Dirichlet_chi_-p,0.397603,3.494011,ok
6563,-1,11,-6563,6563,Dirichlet_chi_-p,0.586258,5.152744,ok
6569,-1,17,-26276,26276,Dirichlet_chi_-p,0.810418,7.123672,ok
6571,1,19,-6571,6571,Dirichlet_chi_-p,0.378134,3.323956,ok
6577,1,1,-26308,26308,Dirichlet_chi_-p,0.359680,3.162071,ok
6581,-1,5,-26324,26324,Dirichlet_chi_-p,0.443931,3.903012,ok
6599,-1,23,-6599,6599,Dirichlet_chi_-p,1.074392,9.448923,ok
6607,1,7,-6607,6607,Dirichlet_chi_-p,0.698062,6.140077,ok
6619,1,19,-6619,6619,Dirichlet_chi_-p,0.348674,3.067528,ok
6637,1,13,-26548,26548,Dirichlet_chi_-p,0.210522,1.852682,ok
6653,-1,5,-26612,26612,Dirichlet_chi_-p,0.443697,3.905787,ok
6659,-1,11,-6659,6659,Dirichlet_chi_-p,0.399970,3.521228,ok
6661,1,13,-26644,26644,Dirichlet_chi_-p,0.459492,4.045377,ok
6673,1,1,-26692,26692,Dirichlet_chi_-p,0.173277,1.525846,ok
6679,1,7,-6679,6679,Dirichlet_chi_-p,0.802511,7.067496,ok
6689,-1,17,-26756,26756,Dirichlet_chi_-p,0.395091,3.480052,ok
6691,1,19,-6691,6691,Dirichlet_chi_-p,0.657028,5.787441,ok
6701,-1,5,-26804,26804,Dirichlet_chi_-p,0.421191,3.710694,ok
6703,1,7,-6703,6703,Dirichlet_chi_-p,0.279312,2.460826,ok
6709,1,13,-26836,26836,Dirichlet_chi_-p,0.574105,5.058553,ok
6719,-1,23,-6719,6719,Dirichlet_chi_-p,1.010690,8.906905,ok
6733,1,13,-26932,26932,Dirichlet_chi_-p,0.335416,2.956617,ok
6737,-1,17,-26948,26948,Dirichlet_chi_-p,0.522248,4.603810,ok
6761,-1,17,-27044,27044,Dirichlet_chi_-p,0.783999,6.914026,ok
6763,1,19,-6763,6763,Dirichlet_chi_-p,0.280918,2.477478,ok
6779,-1,11,-6779,6779,Dirichlet_chi_-p,0.790148,6.970358,ok
6781,1,13,-27124,27124,Dirichlet_chi_-p,0.661621,5.836738,ok
6791,-1,23,-6791,6791,Dirichlet_chi_-p,0.754819,6.660031,ok
6793,1,1,-27172,27172,Dirichlet_chi_-p,0.312375,2.756287,ok
6803,-1,11,-6803,6803,Dirichlet_chi_-p,0.316842,2.796164,ok
6823,1,7,-6823,6823,Dirichlet_chi_-p,0.455642,4.022429,ok
6827,-1,11,-6827,6827,Dirichlet_chi_-p,0.318654,2.813278,ok
6829,1,13,-27316,27316,Dirichlet_chi_-p,0.358954,3.169178,ok
6833,-1,17,-27332,27332,Dirichlet_chi_-p,0.518014,4.573814,ok
6841,1,1,-27364,27364,Dirichlet_chi_-p,0.513718,4.536485,ok
6857,-1,17,-27428,27428,Dirichlet_chi_-p,0.222655,1.966717,ok
6863,-1,23,-6863,6863,Dirichlet_chi_-p,0.808193,7.139494,ok
6869,-1,5,-27476,27476,Dirichlet_chi_-p,0.478196,4.224758,ok
6871,1,7,-6871,6871,Dirichlet_chi_-p,0.592456,5.234390,ok
6883,1,19,-6883,6883,Dirichlet_chi_-p,0.236414,2.089144,ok
6899,-1,11,-6899,6899,Dirichlet_chi_-p,0.708464,6.262205,ok
6907,1,19,-6907,6907,Dirichlet_chi_-p,0.612891,5.418135,ok
6911,-1,23,-6911,6911,Dirichlet_chi_-p,0.827516,7.315963,ok
6917,-1,5,-27668,27668,Dirichlet_chi_-p,0.248705,2.198984,ok
6947,-1,11,-6947,6947,Dirichlet_chi_-p,0.665692,5.888754,ok
6949,1,13,-27796,27796,Dirichlet_chi_-p,0.699624,6.189117,ok
6959,-1,23,-6959,6959,Dirichlet_chi_-p,0.893654,7.906865,ok
6961,1,1,-27844,27844,Dirichlet_chi_-p,0.414117,3.664142,ok
6967,1,7,-6967,6967,Dirichlet_chi_-p,0.543825,4.812277,ok
6971,-1,11,-6971,6971,Dirichlet_chi_-p,0.896222,7.931128,ok
6977,-1,17,-27908,27908,Dirichlet_chi_-p,0.160406,1.419649,ok
6983,-1,23,-6983,6983,Dirichlet_chi_-p,0.580599,5.139015,ok
6991,1,7,-6991,6991,Dirichlet_chi_-p,0.989530,8.759697,ok
6997,1,13,-27988,27988,Dirichlet_chi_-p,0.222580,1.970549,ok
7001,-1,17,-28004,28004,Dirichlet_chi_-p,0.175802,1.556517,ok
7013,-1,5,-28052,28052,Dirichlet_chi_-p,0.655679,5.806376,ok
7019,-1,11,-7019,7019,Dirichlet_chi_-p,0.874714,7.746796,ok
7027,1,19,-7027,7027,Dirichlet_chi_-p,0.352088,3.118626,ok
7039,1,7,-7039,7039,Dirichlet_chi_-p,0.537691,4.763523,ok
7043,-1,11,-7043,7043,Dirichlet_chi_-p,0.589219,5.220358,ok
7057,1,1,-28228,28228,Dirichlet_chi_-p,0.445704,3.949728,ok
7069,1,13,-28276,28276,Dirichlet_chi_-p,0.442709,3.923936,ok
7079,-1,23,-7079,7079,Dirichlet_chi_-p,0.761330,6.749108,ok
7103,-1,23,-7103,7103,Dirichlet_chi_-p,0.747827,6.631931,ok
7109,-1,5,-28436,28436,Dirichlet_chi_-p,0.304861,2.703849,ok
7121,-1,17,-28484,28484,Dirichlet_chi_-p,0.656547,5.824097,ok
7127,-1,23,-7127,7127,Dirichlet_chi_-p,0.886717,7.866643,ok
7129,1,1,-28516,28516,Dirichlet_chi_-p,0.441377,3.915862,ok
7151,-1,23,-7151,7151,Dirichlet_chi_-p,0.764622,6.786022,ok
7159,1,7,-7159,7159,Dirichlet_chi_-p,0.888316,7.884802,ok
7177,1,1,-28708,28708,Dirichlet_chi_-p,0.491027,4.359653,ok
7187,-1,11,-7187,7187,Dirichlet_chi_-p,0.530442,4.710338,ok
7193,-1,17,-28772,28772,Dirichlet_chi_-p,0.621640,5.520696,ok
7207,1,7,-7207,7207,Dirichlet_chi_-p,0.392862,3.489722,ok
7211,-1,11,-7211,7211,Dirichlet_chi_-p,0.691949,6.146832,ok
7213,1,13,-28852,28852,Dirichlet_chi_-p,0.413193,3.670655,ok
7219,1,19,-7219,7219,Dirichlet_chi_-p,0.422740,3.755825,ok
7229,-1,5,-28916,28916,Dirichlet_chi_-p,0.821562,7.300283,ok
7237,1,13,-28948,28948,Dirichlet_chi_-p,0.461007,4.096951,ok
7243,1,19,-7243,7243,Dirichlet_chi_-p,0.454375,4.038389,ok
7247,-1,23,-7247,7247,Dirichlet_chi_-p,0.419304,3.726919,ok
7253,-1,5,-29012,29012,Dirichlet_chi_-p,0.447988,3.982243,ok
7283,-1,11,-7283,7283,Dirichlet_chi_-p,0.502965,4.473020,ok
7297,1,1,-29188,29188,Dirichlet_chi_-p,0.537485,4.781050,ok
7307,-1,11,-7307,7307,Dirichlet_chi_-p,0.511905,4.554211,ok
7309,1,13,-29236,29236,Dirichlet_chi_-p,0.463072,4.119890,ok
7321,1,1,-29284,29284,Dirichlet_chi_-p,0.427382,3.803060,ok
7331,-1,11,-7331,7331,Dirichlet_chi_-p,0.655931,5.837695,ok
7333,1,13,-29332,29332,Dirichlet_chi_-p,0.282669,2.515798,ok
7349,-1,5,-29396,29396,Dirichlet_chi_-p,0.578174,5.147091,ok
7351,1,7,-7351,7351,Dirichlet_chi_-p,0.350100,3.116795,ok
7369,1,1,-29476,29476,Dirichlet_chi_-p,0.414013,3.686803,ok
7393,1,1,-29572,29572,Dirichlet_chi_-p,0.298662,2.660569,ok
7411,1,19,-7411,7411,Dirichlet_chi_-p,0.686982,6.121507,ok
7417,1,1,-29668,29668,Dirichlet_chi_-p,0.225172,2.006629,ok
7433,-1,17,-29732,29732,Dirichlet_chi_-p,0.738349,6.581407,ok
7451,-1,11,-7451,7451,Dirichlet_chi_-p,0.611975,5.456436,ok
7457,-1,17,-29828,29828,Dirichlet_chi_-p,0.516960,4.609689,ok
7459,1,19,-7459,7459,Dirichlet_chi_-p,0.396576,3.536334,ok
7477,1,13,-29908,29908,Dirichlet_chi_-p,0.275987,2.461692,ok
7481,-1,17,-29924,29924,Dirichlet_chi_-p,0.646736,5.768960,ok
7487,-1,23,-7487,7487,Dirichlet_chi_-p,0.625289,5.578155,ok
7489,1,1,-29956,29956,Dirichlet_chi_-p,0.657519,5.865855,ok
7499,-1,11,-7499,7499,Dirichlet_chi_-p,0.617482,5.509496,ok
7507,1,19,-7507,7507,Dirichlet_chi_-p,0.293247,2.616819,ok
7517,-1,5,-30068,30068,Dirichlet_chi_-p,0.707645,6.315677,ok
7523,-1,11,-7523,7523,Dirichlet_chi_-p,0.777011,6.935380,ok
7529,-1,17,-30116,30116,Dirichlet_chi_-p,0.179162,1.599294,ok
7537,1,1,-30148,30148,Dirichlet_chi_-p,0.385206,3.438961,ok
7541,-1,5,-30164,30164,Dirichlet_chi_-p,0.527795,4.712209,ok
7547,-1,11,-7547,7547,Dirichlet_chi_-p,0.194499,1.736664,ok
7549,1,13,-30196,30196,Dirichlet_chi_-p,0.657683,5.872567,ok
7559,-1,23,-7559,7559,Dirichlet_chi_-p,1.007055,8.993498,ok
7561,1,1,-30244,30244,Dirichlet_chi_-p,0.295429,2.638404,ok
7573,1,13,-30292,30292,Dirichlet_chi_-p,0.428061,3.823585,ok
7577,-1,17,-30308,30308,Dirichlet_chi_-p,0.382404,3.415971,ok
7583,-1,23,-7583,7583,Dirichlet_chi_-p,0.609594,5.445904,ok
7589,-1,5,-30356,30356,Dirichlet_chi_-p,0.820092,7.327078,ok
7591,1,7,-7591,7591,Dirichlet_chi_-p,0.820568,7.331546,ok
7603,1,19,-7603,7603,Dirichlet_chi_-p,0.349319,3.121618,ok
7607,-1,23,-7607,7607,Dirichlet_chi_-p,0.879123,7.856570,ok
7621,1,13,-30484,30484,Dirichlet_chi_-p,0.587788,5.254041,ok
7639,1,7,-7639,7639,Dirichlet_chi_-p,0.286432,2.560998,ok
7643,-1,11,-7643,7643,Dirichlet_chi_-p,0.636527,5.691538,ok
7649,-1,17,-30596,30596,Dirichlet_chi_-p,0.651968,5.830116,ok
7669,1,13,-30676,30676,Dirichlet_chi_-p,0.727108,6.503941,ok
7673,-1,17,-30692,30692,Dirichlet_chi_-p,0.257428,2.302814,ok
7681,1,1,-30724,30724,Dirichlet_chi_-p,0.469430,4.199757,ok
7687,1,7,-7687,7687,Dirichlet_chi_-p,0.390069,3.490060,ok
7691,-1,11,-7691,7691,Dirichlet_chi_-p,0.788965,7.059509,ok
7699,1,19,-7699,7699,Dirichlet_chi_-p,0.803298,7.188589,ok
7703,-1,23,-7703,7703,Dirichlet_chi_-p,0.777390,6.957147,ok
7717,1,13,-30868,30868,Dirichlet_chi_-p,0.432803,3.874094,ok
7723,1,19,-7723,7723,Dirichlet_chi_-p,0.244232,2.186358,ok
7727,-1,23,-7727,7727,Dirichlet_chi_-p,0.775048,6.938595,ok
7741,1,13,-30964,30964,Dirichlet_chi_-p,0.422779,3.785682,ok
7753,1,1,-31012,31012,Dirichlet_chi_-p,0.372410,3.335247,ok
7757,-1,5,-31028,31028,Dirichlet_chi_-p,0.145714,1.305065,ok
7759,1,7,-7759,7759,Dirichlet_chi_-p,0.551298,4.937757,ok
7789,1,13,-31156,31156,Dirichlet_chi_-p,0.172361,1.544435,ok
7793,-1,17,-31172,31172,Dirichlet_chi_-p,0.210147,1.883120,ok
7817,-1,17,-31268,31268,Dirichlet_chi_-p,0.753943,6.758388,ok
7823,-1,23,-7823,7823,Dirichlet_chi_-p,0.745205,6.680628,ok
7829,-1,5,-31316,31316,Dirichlet_chi_-p,0.795176,7.129223,ok
7841,-1,17,-31364,31364,Dirichlet_chi_-p,0.566547,5.080295,ok
7853,-1,5,-31412,31412,Dirichlet_chi_-p,0.688936,6.178823,ok
7867,1,19,-7867,7867,Dirichlet_chi_-p,0.163848,1.469784,ok
7873,1,1,-31492,31492,Dirichlet_chi_-p,0.402686,3.612576,ok
7877,-1,5,-31508,31508,Dirichlet_chi_-p,0.417110,3.742186,ok
7879,1,7,-7879,7879,Dirichlet_chi_-p,0.603302,5.412801,ok
7883,-1,11,-7883,7883,Dirichlet_chi_-p,0.244060,2.189817,ok
7901,-1,5,-31604,31604,Dirichlet_chi_-p,0.669033,6.004400,ok
7907,-1,11,-7907,7907,Dirichlet_chi_-p,0.419491,3.765139,ok
7919,-1,23,-7919,7919,Dirichlet_chi_-p,0.831829,7.467350,ok
7927,1,7,-7927,7927,Dirichlet_chi_-p,0.633510,5.687671,ok
7933,1,13,-31732,31732,Dirichlet_chi_-p,0.377335,3.388007,ok
7937,-1,17,-31748,31748,Dirichlet_chi_-p,0.564938,5.072739,ok
7949,-1,5,-31796,31796,Dirichlet_chi_-p,0.513855,4.614829,ok
7951,1,7,-7951,7951,Dirichlet_chi_-p,0.574035,5.155439,ok
7963,1,19,-7963,7963,Dirichlet_chi_-p,0.621602,5.583578,ok
7993,1,1,-31972,31972,Dirichlet_chi_-p,0.436891,3.926040,ok
8009,-1,17,-32036,32036,Dirichlet_chi_-p,0.672959,6.048770,ok
8011,1,19,-8011,8011,Dirichlet_chi_-p,0.707816,6.362259,ok
8017,1,1,-32068,32068,Dirichlet_chi_-p,0.197355,1.774089,ok
8039,-1,23,-8039,8039,Dirichlet_chi_-p,0.941817,8.468876,ok
8053,1,13,-32212,32212,Dirichlet_chi_-p,0.169234,1.522053,ok
8059,1,19,-8059,8059,Dirichlet_chi_-p,0.606008,5.450766,ok
8069,-1,5,-32276,32276,Dirichlet_chi_-p,0.871989,7.844227,ok
8081,-1,17,-32324,32324,Dirichlet_chi_-p,0.538379,4.843939,ok
8087,-1,23,-8087,8087,Dirichlet_chi_-p,0.824996,7.423324,ok
8089,1,1,-32356,32356,Dirichlet_chi_-p,0.234699,2.111880,ok
8093,-1,5,-32372,32372,Dirichlet_chi_-p,0.563578,5.071499,ok
8101,1,13,-32404,32404,Dirichlet_chi_-p,0.251064,2.259511,ok
8111,-1,23,-8111,8111,Dirichlet_chi_-p,1.029972,9.270755,ok
8117,-1,5,-32468,32468,Dirichlet_chi_-p,0.527854,4.751588,ok
8123,-1,11,-8123,8123,Dirichlet_chi_-p,0.337189,3.035528,ok
8147,-1,11,-8147,8147,Dirichlet_chi_-p,0.781255,7.035522,ok
8161,1,1,-32644,32644,Dirichlet_chi_-p,0.776973,6.998290,ok
8167,1,7,-8167,8167,Dirichlet_chi_-p,0.357688,3.222002,ok
8171,-1,11,-8171,8171,Dirichlet_chi_-p,0.258730,2.330734,ok
8179,1,19,-8179,8179,Dirichlet_chi_-p,0.705665,6.357566,ok
8191,1,7,-8191,8191,Dirichlet_chi_-p,0.665425,5.996003,ok
8209,1,1,-32836,32836,Dirichlet_chi_-p,0.421700,3.800780,ok
8219,-1,11,-8219,8219,Dirichlet_chi_-p,0.599171,5.401049,ok
8221,1,13,-32884,32884,Dirichlet_chi_-p,0.525743,4.739279,ok
8231,-1,23,-8231,8231,Dirichlet_chi_-p,0.856272,7.719860,ok
8233,1,1,-32932,32932,Dirichlet_chi_-p,0.241588,2.178138,ok
8237,-1,5,-32948,32948,Dirichlet_chi_-p,0.445871,4.020149,ok
8243,-1,11,-8243,8243,Dirichlet_chi_-p,0.414525,3.737826,ok
8263,1,7,-8263,8263,Dirichlet_chi_-p,0.545036,4.915974,ok
8269,1,13,-33076,33076,Dirichlet_chi_-p,0.464186,4.187082,ok
8273,-1,17,-33092,33092,Dirichlet_chi_-p,0.301516,2.719904,ok
8287,1,7,-8287,8287,Dirichlet_chi_-p,0.637582,5.752548,ok
8291,-1,11,-8291,8291,Dirichlet_chi_-p,0.817504,7.376280,ok
8293,1,13,-33172,33172,Dirichlet_chi_-p,0.423637,3.822543,ok
8297,-1,17,-33188,33188,Dirichlet_chi_-p,0.479967,4.331053,ok
8311,1,7,-8311,8311,Dirichlet_chi_-p,0.770484,6.953878,ok
8317,1,13,-33268,33268,Dirichlet_chi_-p,0.290399,2.621160,ok
8329,1,1,-33316,33316,Dirichlet_chi_-p,0.644142,5.814989,ok
8353,1,1,-33412,33412,Dirichlet_chi_-p,0.340938,3.078798,ok
8363,-1,11,-8363,8363,Dirichlet_chi_-p,0.802402,7.246953,ok
8369,-1,17,-33476,33476,Dirichlet_chi_-p,0.526176,4.752577,ok
8377,1,1,-33508,33508,Dirichlet_chi_-p,0.472285,4.266265,ok
8387,-1,11,-8387,8387,Dirichlet_chi_-p,0.446352,4.032540,ok
8389,1,13,-33556,33556,Dirichlet_chi_-p,0.856668,7.739714,ok
8419,1,19,-8419,8419,Dirichlet_chi_-p,0.443821,4.011359,ok
8423,-1,23,-8423,8423,Dirichlet_chi_-p,0.820858,7.419503,ok
8429,-1,5,-33716,33716,Dirichlet_chi_-p,0.265025,2.395680,ok
8431,1,7,-8431,8431,Dirichlet_chi_-p,0.660306,5.968946,ok
8443,1,19,-8443,8443,Dirichlet_chi_-p,0.378356,3.420756,ok
8447,-1,23,-8447,8447,Dirichlet_chi_-p,0.920648,8.324104,ok
8461,1,13,-33844,33844,Dirichlet_chi_-p,0.432043,3.907062,ok
8467,1,19,-8467,8467,Dirichlet_chi_-p,0.550614,4.979720,ok
8501,-1,5,-34004,34004,Dirichlet_chi_-p,0.861437,7.794230,ok
8513,-1,17,-34052,34052,Dirichlet_chi_-p,0.298734,2.703349,ok
8521,1,1,-34084,34084,Dirichlet_chi_-p,0.476765,4.314864,ok
8527,1,7,-8527,8527,Dirichlet_chi_-p,0.654848,5.927029,ok
8537,-1,17,-34148,34148,Dirichlet_chi_-p,0.363341,3.289026,ok
8539,1,19,-8539,8539,Dirichlet_chi_-p,0.367626,3.327900,ok
8543,-1,23,-8543,8543,Dirichlet_chi_-p,0.903174,8.176315,ok
8563,1,19,-8563,8563,Dirichlet_chi_-p,0.110408,0.999764,ok
8573,-1,5,-34292,34292,Dirichlet_chi_-p,0.425185,3.850637,ok
8581,1,13,-34324,34324,Dirichlet_chi_-p,0.422668,3.828235,ok
8597,-1,5,-34388,34388,Dirichlet_chi_-p,0.304016,2.754135,ok
8599,1,7,-8599,8599,Dirichlet_chi_-p,0.689554,6.246947,ok
8609,-1,17,-34436,34436,Dirichlet_chi_-p,0.860291,7.794722,ok
8623,1,7,-8623,8623,Dirichlet_chi_-p,0.651079,5.900205,ok
8627,-1,11,-8627,8627,Dirichlet_chi_-p,0.304001,2.755059,ok
8629,1,13,-34516,34516,Dirichlet_chi_-p,0.439055,3.979100,ok
8641,1,1,-34564,34564,Dirichlet_chi_-p,0.563784,5.110291,ok
8647,1,7,-8647,8647,Dirichlet_chi_-p,0.416967,3.779789,ok
8663,-1,23,-8663,8663,Dirichlet_chi_-p,0.588860,5.339087,ok
8669,-1,5,-34676,34676,Dirichlet_chi_-p,0.585368,5.307830,ok
8677,1,13,-34708,34708,Dirichlet_chi_-p,0.444033,4.026680,ok
8681,-1,17,-34724,34724,Dirichlet_chi_-p,0.520269,4.718260,ok
8689,1,1,-34756,34756,Dirichlet_chi_-p,0.276833,2.510821,ok
8693,-1,5,-34772,34772,Dirichlet_chi_-p,0.698341,6.334144,ok
8699,-1,11,-8699,8699,Dirichlet_chi_-p,0.538067,4.880787,ok
8707,1,19,-8707,8707,Dirichlet_chi_-p,0.379066,3.438840,ok
8713,1,1,-34852,34852,Dirichlet_chi_-p,0.361430,3.279099,ok
8719,1,7,-8719,8719,Dirichlet_chi_-p,0.583556,5.294751,ok
8731,1,19,-8731,8731,Dirichlet_chi_-p,0.425550,3.861714,ok
8737,1,1,-34948,34948,Dirichlet_chi_-p,0.405465,3.679722,ok
8741,-1,5,-34964,34964,Dirichlet_chi_-p,0.615015,5.581738,ok
8747,-1,11,-8747,8747,Dirichlet_chi_-p,0.360257,3.269864,ok
8753,-1,17,-35012,35012,Dirichlet_chi_-p,0.699843,6.352585,ok
8761,1,1,-35044,35044,Dirichlet_chi_-p,0.463445,4.207183,ok
8779,1,19,-8779,8779,Dirichlet_chi_-p,0.365851,3.321972,ok
8783,-1,23,-8783,8783,Dirichlet_chi_-p,0.602771,5.473503,ok
8803,1,19,-8803,8803,Dirichlet_chi_-p,0.237779,2.159711,ok
8807,-1,23,-8807,8807,Dirichlet_chi_-p,0.776403,7.052304,ok
8819,-1,11,-8819,8819,Dirichlet_chi_-p,0.823608,7.482199,ok
8821,1,13,-35284,35284,Dirichlet_chi_-p,0.290540,2.639525,ok
8831,-1,23,-8831,8831,Dirichlet_chi_-p,0.924135,8.396710,ok
8837,-1,5,-35348,35348,Dirichlet_chi_-p,0.384276,3.491800,ok
8839,1,7,-8839,8839,Dirichlet_chi_-p,0.878995,7.987368,ok
8849,-1,17,-35396,35396,Dirichlet_chi_-p,0.652436,5.929380,ok
8861,-1,5,-35444,35444,Dirichlet_chi_-p,0.675015,6.135494,ok
8863,1,7,-8863,8863,Dirichlet_chi_-p,0.279933,2.544492,ok
8867,-1,11,-8867,8867,Dirichlet_chi_-p,0.467694,4.251383,ok
8887,1,7,-8887,8887,Dirichlet_chi_-p,0.675481,6.141710,ok
8893,1,13,-35572,35572,Dirichlet_chi_-p,0.401698,3.652649,ok
8923,1,19,-8923,8923,Dirichlet_chi_-p,0.616356,5.606611,ok
8929,1,1,-35716,35716,Dirichlet_chi_-p,0.502111,4.567736,ok
8933,-1,5,-35732,35732,Dirichlet_chi_-p,0.505731,4.600895,ok
8941,1,13,-35764,35764,Dirichlet_chi_-p,0.542925,4.939748,ok
8951,-1,23,-8951,8951,Dirichlet_chi_-p,1.151125,10.474683,ok
8963,-1,11,-8963,8963,Dirichlet_chi_-p,0.561171,5.107140,ok
8969,-1,17,-35876,35876,Dirichlet_chi_-p,0.371745,3.383444,ok
8971,1,19,-8971,8971,Dirichlet_chi_-p,0.469552,4.273748,ok
8999,-1,23,-8999,8999,Dirichlet_chi_-p,0.780404,7.105474,ok
9001,1,1,-36004,36004,Dirichlet_chi_-p,0.420212,3.826073,ok
9007,1,7,-9007,9007,Dirichlet_chi_-p,0.385694,3.512032,ok
9011,-1,11,-9011,9011,Dirichlet_chi_-p,0.527464,4.803197,ok
9013,1,13,-36052,36052,Dirichlet_chi_-p,0.223449,2.034817,ok
9029,-1,5,-36116,36116,Dirichlet_chi_-p,0.536294,4.884673,ok
9041,-1,17,-36164,36164,Dirichlet_chi_-p,0.357195,3.253874,ok
9043,1,19,-9043,9043,Dirichlet_chi_-p,0.464154,4.228322,ok
9049,1,1,-36196,36196,Dirichlet_chi_-p,0.492876,4.490302,ok
9059,-1,11,-9059,9059,Dirichlet_chi_-p,0.681141,6.206226,ok
9067,1,19,-9067,9067,Dirichlet_chi_-p,0.237853,2.167408,ok
9091,1,19,-9091,9091,Dirichlet_chi_-p,0.472339,4.305393,ok
9103,1,7,-9103,9103,Dirichlet_chi_-p,0.754289,6.876370,ok
9109,1,13,-36436,36436,Dirichlet_chi_-p,0.504896,4.603151,ok
9127,1,7,-9127,9127,Dirichlet_chi_-p,0.762536,6.953556,ok
9133,1,13,-36532,36532,Dirichlet_chi_-p,0.280882,2.561545,ok
9137,-1,17,-36548,36548,Dirichlet_chi_-p,0.197266,1.799085,ok
9151,1,7,-9151,9151,Dirichlet_chi_-p,0.887972,8.099740,ok
9157,1,13,-36628,36628,Dirichlet_chi_-p,0.142648,1.301275,ok
9161,-1,17,-36644,36644,Dirichlet_chi_-p,0.703492,6.417757,ok
9173,-1,5,-36692,36692,Dirichlet_chi_-p,0.515220,4.700873,ok
9181,1,13,-36724,36724,Dirichlet_chi_-p,0.215534,1.966720,ok
9187,1,19,-9187,9187,Dirichlet_chi_-p,0.719641,6.567114,ok
9199,1,7,-9199,9199,Dirichlet_chi_-p,0.585748,5.346031,ok
9203,-1,11,-9203,9203,Dirichlet_chi_-p,0.533705,4.871281,ok
9209,-1,17,-36836,36836,Dirichlet_chi_-p,0.561616,5.126396,ok
9221,-1,5,-36884,36884,Dirichlet_chi_-p,0.495115,4.520024,ok
9227,-1,11,-9227,9227,Dirichlet_chi_-p,0.504465,4.605706,ok
9239,-1,23,-9239,9239,Dirichlet_chi_-p,1.102379,10.066035,ok
9241,1,1,-36964,36964,Dirichlet_chi_-p,0.150977,1.378634,ok
9257,-1,17,-37028,37028,Dirichlet_chi_-p,0.754748,6.893211,ok
9277,1,13,-37108,37108,Dirichlet_chi_-p,0.298282,2.724895,ok
9281,-1,17,-37124,37124,Dirichlet_chi_-p,0.801796,7.324987,ok
9283,1,19,-9283,9283,Dirichlet_chi_-p,0.174382,1.593142,ok
9293,-1,5,-37172,37172,Dirichlet_chi_-p,0.155198,1.418046,ok
9311,-1,23,-9311,9311,Dirichlet_chi_-p,0.735863,6.725018,ok
9319,1,7,-9319,9319,Dirichlet_chi_-p,0.378644,3.460731,ok
9323,-1,11,-9323,9323,Dirichlet_chi_-p,0.488382,4.463926,ok
9337,1,1,-37348,37348,Dirichlet_chi_-p,0.441755,4.038411,ok
9341,-1,5,-37364,37364,Dirichlet_chi_-p,0.631905,5.776981,ok
9343,1,7,-9343,9343,Dirichlet_chi_-p,0.685234,6.264674,ok
9349,1,13,-37396,37396,Dirichlet_chi_-p,0.403244,3.686868,ok
9371,-1,11,-9371,9371,Dirichlet_chi_-p,0.794199,7.263246,ok
9377,-1,17,-37508,37508,Dirichlet_chi_-p,0.345153,3.156775,ok
9391,1,7,-9391,9391,Dirichlet_chi_-p,0.629781,5.760922,ok
9397,1,13,-37588,37588,Dirichlet_chi_-p,0.410671,3.756875,ok
9403,1,19,-9403,9403,Dirichlet_chi_-p,0.277052,2.534691,ok
9413,-1,5,-37652,37652,Dirichlet_chi_-p,0.558412,5.109382,ok
9419,-1,11,-9419,9419,Dirichlet_chi_-p,0.606320,5.548121,ok
9421,1,13,-37684,37684,Dirichlet_chi_-p,0.483937,4.428363,ok
9431,-1,23,-9431,9431,Dirichlet_chi_-p,0.677010,6.195830,ok
9433,1,1,-37732,37732,Dirichlet_chi_-p,0.253514,2.320156,ok
9437,-1,5,-37748,37748,Dirichlet_chi_-p,0.535598,4.902004,ok
9439,1,7,-9439,9439,Dirichlet_chi_-p,0.868144,7.945777,ok
9461,-1,5,-37844,37844,Dirichlet_chi_-p,0.587409,5.377693,ok
9463,1,7,-9463,9463,Dirichlet_chi_-p,0.547342,5.010999,ok
9467,-1,11,-9467,9467,Dirichlet_chi_-p,0.897931,8.221063,ok
9473,-1,17,-37892,37892,Dirichlet_chi_-p,0.442113,4.048075,ok
9479,-1,23,-9479,9479,Dirichlet_chi_-p,0.758488,6.945352,ok
9491,-1,11,-9491,9491,Dirichlet_chi_-p,0.699296,6.404225,ok
9497,-1,17,-37988,37988,Dirichlet_chi_-p,0.346450,3.173045,ok
9511,1,7,-9511,9511,Dirichlet_chi_-p,0.714065,6.540984,ok
9521,-1,17,-38084,38084,Dirichlet_chi_-p,0.703304,6.443150,ok
9533,-1,5,-38132,38132,Dirichlet_chi_-p,0.711817,6.522037,ok
9539,-1,11,-9539,9539,Dirichlet_chi_-p,0.932006,8.540109,ok
9547,1,19,-9547,9547,Dirichlet_chi_-p,0.262434,2.404942,ok
9551,-1,23,-9551,9551,Dirichlet_chi_-p,0.979666,8.978050,ok
9587,-1,11,-9587,9587,Dirichlet_chi_-p,0.395238,3.623605,ok
9601,1,1,-38404,38404,Dirichlet_chi_-p,0.387173,3.550226,ok
9613,1,13,-38452,38452,Dirichlet_chi_-p,0.423409,3.883026,ok
9619,1,19,-9619,9619,Dirichlet_chi_-p,0.558073,5.118364,ok
9623,-1,23,-9623,9623,Dirichlet_chi_-p,0.798547,7.324206,ok
9629,-1,5,-38516,38516,Dirichlet_chi_-p,0.563720,5.170743,ok
9631,1,7,-9631,9631,Dirichlet_chi_-p,0.877288,8.047140,ok
9643,1,19,-9643,9643,Dirichlet_chi_-p,0.128829,1.181880,ok
9649,1,1,-38596,38596,Dirichlet_chi_-p,0.261189,2.396307,ok
9661,1,13,-38644,38644,Dirichlet_chi_-p,0.196553,1.803537,ok
9677,-1,5,-38708,38708,Dirichlet_chi_-p,0.518564,4.759125,ok
9679,1,7,-9679,9679,Dirichlet_chi_-p,0.736049,6.755251,ok
9689,-1,17,-38756,38756,Dirichlet_chi_-p,0.486752,4.467775,ok
9697,1,1,-38788,38788,Dirichlet_chi_-p,0.388902,3.569958,ok
9719,-1,23,-9719,9719,Dirichlet_chi_-p,0.988202,9.073508,ok
9721,1,1,-38884,38884,Dirichlet_chi_-p,0.746888,6.857959,ok
9733,1,13,-38932,38932,Dirichlet_chi_-p,0.297092,2.728275,ok
9739,1,19,-9739,9739,Dirichlet_chi_-p,0.175774,1.614291,ok
9743,-1,23,-9743,9743,Dirichlet_chi_-p,0.906693,8.327344,ok
9749,-1,5,-38996,38996,Dirichlet_chi_-p,0.848470,7.793129,ok
9767,-1,23,-9767,9767,Dirichlet_chi_-p,0.800579,7.354728,ok
9769,1,1,-39076,39076,Dirichlet_chi_-p,0.469728,4.315374,ok
9781,1,13,-39124,39124,Dirichlet_chi_-p,0.348255,3.199839,ok
9787,1,19,-9787,9787,Dirichlet_chi_-p,0.265013,2.435154,ok
9791,-1,23,-9791,9791,Dirichlet_chi_-p,0.848550,7.797513,ok
9803,-1,11,-9803,9803,Dirichlet_chi_-p,0.652599,5.997677,ok
9811,1,19,-9811,9811,Dirichlet_chi_-p,0.506772,4.657869,ok
9817,1,1,-39268,39268,Dirichlet_chi_-p,0.431749,3.968577,ok
9829,1,13,-39316,39316,Dirichlet_chi_-p,0.114090,1.048844,ok
9833,-1,17,-39332,39332,Dirichlet_chi_-p,0.632674,5.816488,ok
9839,-1,23,-9839,9839,Dirichlet_chi_-p,0.651494,5.989906,ok
9851,-1,11,-9851,9851,Dirichlet_chi_-p,0.772625,7.104542,ok
9857,-1,17,-39428,39428,Dirichlet_chi_-p,0.262421,2.413205,ok
9859,1,19,-9859,9859,Dirichlet_chi_-p,0.468541,4.308770,ok
9871,1,7,-9871,9871,Dirichlet_chi_-p,0.499726,4.596155,ok
9883,1,19,-9883,9883,Dirichlet_chi_-p,0.531325,4.887432,ok
9887,-1,23,-9887,9887,Dirichlet_chi_-p,0.564683,5.194502,ok
9901,1,13,-39604,39604,Dirichlet_chi_-p,0.421738,3.880155,ok
9907,1,19,-9907,9907,Dirichlet_chi_-p,0.421811,3.881085,ok
9923,-1,11,-9923,9923,Dirichlet_chi_-p,0.501687,4.616832,ok
9929,-1,17,-39716,39716,Dirichlet_chi_-p,0.678853,6.247630,ok
9931,1,19,-9931,9931,Dirichlet_chi_-p,0.512508,4.716820,ok
9941,-1,5,-39764,39764,Dirichlet_chi_-p,0.671809,6.183616,ok
9949,1,13,-39796,39796,Dirichlet_chi_-p,0.296625,2.730500,ok
9967,1,7,-9967,9967,Dirichlet_chi_-p,0.399611,3.679234,ok
9973,1,13,-39892,39892,Dirichlet_chi_-p,0.383443,3.530607,ok
