Prime_p,6N_Wing,Mod_12,Weight_k,Form_Index,a_p
5,-1,5,4,0,6
7,1,7,4,0,-16
11,-1,11,4,0,12
13,1,1,4,0,38
17,-1,5,4,0,-126
19,1,7,4,0,20
23,-1,11,4,0,168
29,-1,5,4,0,30
31,1,7,4,0,-88
37,1,1,4,0,254
41,-1,5,4,0,42
43,1,7,4,0,-52
47,-1,11,4,0,-96
53,-1,5,4,0,198
59,-1,11,4,0,-660
61,1,1,4,0,-538
67,1,7,4,0,884
71,-1,11,4,0,792
73,1,1,4,0,218
79,1,7,4,0,-520
83,-1,11,4,0,-492
89,-1,5,4,0,810
97,1,1,4,0,1154
101,-1,5,4,0,-618
103,1,7,4,0,128
107,-1,11,4,0,-1476
109,1,1,4,0,1190
113,-1,5,4,0,-462
127,1,7,4,0,-2536
131,-1,11,4,0,2292
137,-1,5,4,0,-726
139,1,7,4,0,380
149,-1,5,4,0,1590
151,1,7,4,0,2432
157,1,1,4,0,614
163,1,7,4,0,-1852
167,-1,11,4,0,-2136
173,-1,5,4,0,1758
179,-1,11,4,0,-540
181,1,1,4,0,1982
191,-1,11,4,0,-2688
193,1,1,4,0,-2302
197,-1,5,4,0,4374
199,1,7,4,0,-1600
211,1,7,4,0,3332
223,1,7,4,0,2648
227,-1,11,4,0,2244
229,1,1,4,0,-5650
233,-1,5,4,0,4698
239,-1,11,4,0,-1200
241,1,1,4,0,-718
251,-1,11,4,0,6012
257,-1,5,4,0,-2046
263,-1,11,4,0,-6072
269,-1,5,4,0,-6930
271,1,7,4,0,1352
277,1,1,4,0,-1186
281,-1,5,4,0,2442
283,1,7,4,0,2828
293,-1,5,4,0,4758
307,1,7,4,0,-8476
311,-1,11,4,0,4632
313,1,1,4,0,-4822
317,-1,5,4,0,-3426
331,1,7,4,0,-2788
337,1,1,4,0,434
347,-1,11,4,0,6684
349,1,1,4,0,2630
353,-1,5,4,0,-7422
359,-1,11,4,0,-10440
367,1,7,4,0,10424
373,1,1,4,0,3278
379,1,7,4,0,6140
383,-1,11,4,0,-3072
389,-1,5,4,0,6150
397,1,1,4,0,-106
401,-1,5,4,0,-1758
409,1,1,4,0,-3670
419,-1,11,4,0,-9660
421,1,1,4,0,8462
431,-1,11,4,0,9792
433,1,1,4,0,-7342
439,1,7,4,0,10640
443,-1,11,4,0,-17412
449,-1,5,4,0,-1710
457,1,1,4,0,-646
461,-1,5,4,0,-6018
463,1,7,4,0,-6712
467,-1,11,4,0,5364
479,-1,11,4,0,9840
487,1,7,4,0,1424
491,-1,11,4,0,-4548
499,1,7,4,0,6500
503,-1,11,4,0,12168
509,-1,5,4,0,-21090
521,-1,5,4,0,-5238
523,1,7,4,0,8588
541,1,1,4,0,3062
547,1,7,4,0,-8476
557,-1,5,4,0,-12546
563,-1,11,4,0,-12
569,-1,5,4,0,19290
571,1,7,4,0,-12148
577,1,1,4,0,-10366
587,-1,11,4,0,7644
593,-1,5,4,0,8658
599,-1,11,4,0,25800
601,1,1,4,0,16202
607,1,7,4,0,-24136
613,1,1,4,0,-4642
617,-1,5,4,0,-6726
619,1,7,4,0,-21220
631,1,7,4,0,29792
641,-1,5,4,0,-10158
643,1,7,4,0,29828
647,-1,11,4,0,1944
653,-1,5,4,0,26718
659,-1,11,4,0,4260
661,1,1,4,0,22862
673,1,1,4,0,-32542
677,-1,5,4,0,14214
683,-1,11,4,0,-7092
691,1,7,4,0,-13228
701,-1,5,4,0,28062
709,1,1,4,0,-27250
719,-1,11,4,0,-14400
727,1,7,4,0,17984
733,1,1,4,0,16598
739,1,7,4,0,1460
743,-1,11,4,0,-30072
751,1,7,4,0,-18088
757,1,1,4,0,24734
761,-1,5,4,0,-22278
769,1,1,4,0,16130
773,-1,5,4,0,29718
787,1,7,4,0,9524
797,-1,5,4,0,-33906
809,-1,5,4,0,-630
811,1,7,4,0,-20788
821,-1,5,4,0,-43098
823,1,7,4,0,-14272
827,-1,11,4,0,13644
829,1,1,4,0,-2410
839,-1,11,4,0,23160
853,1,1,4,0,32078
857,-1,5,4,0,-14406
859,1,7,4,0,30620
863,-1,11,4,0,17568
877,1,1,4,0,-21706
881,-1,5,4,0,-14958
883,1,7,4,0,-32812
887,-1,11,4,0,-38856
907,1,7,4,0,-28276
911,-1,11,4,0,8112
919,1,7,4,0,-26080
929,-1,5,4,0,49170
937,1,1,4,0,48314
941,-1,5,4,0,34782
947,-1,11,4,0,-25116
953,-1,5,4,0,-15462
967,1,7,4,0,-736
971,-1,11,4,0,-29268
977,-1,5,4,0,16674
983,-1,11,4,0,-31272
991,1,7,4,0,-15928
997,1,1,4,0,42014
1009,1,1,4,0,12530
1013,-1,5,4,0,-19722
1019,-1,11,4,0,-18420
1021,1,1,4,0,-53818
1031,-1,11,4,0,13992
1033,1,1,4,0,-28582
1039,1,7,4,0,-19240
1049,-1,5,4,0,-8310
1051,1,7,4,0,39692
1061,-1,5,4,0,26982
1063,1,7,4,0,-17152
1069,1,1,4,0,-31210
1087,1,7,4,0,61544
1091,-1,11,4,0,24132
1093,1,1,4,0,9038
1097,-1,5,4,0,28314
1103,-1,11,4,0,32208
1109,-1,5,4,0,-44970
1117,1,1,4,0,51734
1123,1,7,4,0,-47212
1129,1,1,4,0,-21670
1151,-1,11,4,0,29952
1153,1,1,4,0,58178
1163,-1,11,4,0,-23172
1171,1,7,4,0,55172
1181,-1,5,4,0,9102
1187,-1,11,4,0,1044
1193,-1,5,4,0,-59142
1201,1,1,4,0,-5038
1213,1,1,4,0,3638
1217,-1,5,4,0,1794
1223,-1,11,4,0,74088
1229,-1,5,4,0,14910
1231,1,7,4,0,-38968
1237,1,1,4,0,-38626
1249,1,1,4,0,-37150
1259,-1,11,4,0,37260
1277,-1,5,4,0,11934
1279,1,7,4,0,21080
1283,-1,11,4,0,15108
1289,-1,5,4,0,-59910
1291,1,7,4,0,56972
1297,1,1,4,0,6194
1301,-1,5,4,0,-87978
1303,1,7,4,0,-17872
1307,-1,11,4,0,64524
1319,-1,11,4,0,92760
1321,1,1,4,0,61562
1327,1,7,4,0,-8296
1361,-1,5,4,0,49602
1367,-1,11,4,0,-75816
1373,-1,5,4,0,-15762
1381,1,1,4,0,-60658
1399,1,7,4,0,-29680
1409,-1,5,4,0,46770
1423,1,7,4,0,-47032
1427,-1,11,4,0,59604
1429,1,1,4,0,85070
1433,-1,5,4,0,59178
1439,-1,11,4,0,-12240
1447,1,7,4,0,62624
1451,-1,11,4,0,-95748
1453,1,1,4,0,-14362
1459,1,7,4,0,10100
1471,1,7,4,0,-28168
1481,-1,5,4,0,68442
1483,1,7,4,0,-46132
1487,-1,11,4,0,-40416
1489,1,1,4,0,-37870
1493,-1,5,4,0,-75402
1499,-1,11,4,0,60
1511,-1,11,4,0,-12168
1523,-1,11,4,0,64308
1531,1,7,4,0,-89908
1543,1,7,4,0,62768
1549,1,1,4,0,-44170
1553,-1,5,4,0,-69582
1559,-1,11,4,0,-13560
1567,1,7,4,0,84584
1571,-1,11,4,0,8052
1579,1,7,4,0,-39940
1583,-1,11,4,0,-6192
1597,1,1,4,0,63254
1601,-1,5,4,0,23202
1607,-1,11,4,0,-69096
1609,1,1,4,0,58970
1613,-1,5,4,0,-55122
1619,-1,11,4,0,71460
1621,1,1,4,0,542
1627,1,7,4,0,94124
1637,-1,5,4,0,46134
1657,1,1,4,0,-119446
1663,1,7,4,0,-80872
1667,-1,11,4,0,62004
1669,1,1,4,0,11630
1693,1,1,4,0,86438
1697,-1,5,4,0,-122286
1699,1,7,4,0,-15820
1709,-1,5,4,0,132030
1721,-1,5,4,0,106122
1723,1,7,4,0,-120292
1733,-1,5,4,0,27078
1741,1,1,4,0,53462
1747,1,7,4,0,14564
1753,1,1,4,0,54218
1759,1,7,4,0,-11320
1777,1,1,4,0,42194
1783,1,7,4,0,29648
1787,-1,11,4,0,-24996
1789,1,1,4,0,-33370
1801,1,1,4,0,-20518
1811,-1,11,4,0,83172
1823,-1,11,4,0,82608
1831,1,7,4,0,65792
1847,-1,11,4,0,-70296
1861,1,1,4,0,13502
1867,1,7,4,0,-6676
1871,-1,11,4,0,-97488
1873,1,1,4,0,30098
1877,-1,5,4,0,-23466
1879,1,7,4,0,-125440
1889,-1,5,4,0,-19710
1901,-1,5,4,0,-57858
1907,-1,11,4,0,-107676
1913,-1,5,4,0,114378
1931,-1,11,4,0,-70788
1933,1,1,4,0,-25162
1949,-1,5,4,0,66030
1951,1,7,4,0,-2248
1973,-1,5,4,0,45318
1979,-1,11,4,0,-106020
1987,1,7,4,0,-40156
1993,1,1,4,0,49178
1997,-1,5,4,0,81054
1999,1,7,4,0,78680
2003,-1,11,4,0,26628
2011,1,7,4,0,-148228
2017,1,1,4,0,110594
2027,-1,11,4,0,91884
2029,1,1,4,0,42950
2039,-1,11,4,0,35880
2053,1,1,4,0,-161602
2063,-1,11,4,0,76368
2069,-1,5,4,0,120870
2081,-1,5,4,0,-31758
2083,1,7,4,0,-66652
2087,-1,11,4,0,-99576
2089,1,1,4,0,-169990
2099,-1,11,4,0,-164220
2111,-1,11,4,0,18672
2113,1,1,4,0,-100222
2129,-1,5,4,0,-150510
2131,1,7,4,0,187652
2137,1,1,4,0,28874
2141,-1,5,4,0,-147618
2143,1,7,4,0,488
2153,-1,5,4,0,21738
2161,1,1,4,0,120242
2179,1,7,4,0,-9340
2203,1,7,4,0,200828
2207,-1,11,4,0,86304
2213,-1,5,4,0,13158
2221,1,1,4,0,42662
2237,-1,5,4,0,9294
2239,1,7,4,0,-135880
2243,-1,11,4,0,-43692
2251,1,7,4,0,24572
2267,-1,11,4,0,93564
2269,1,1,4,0,148070
2273,-1,5,4,0,-83262
2281,1,1,4,0,-30598
2287,1,7,4,0,-112696
2293,1,1,4,0,99758
2297,-1,5,4,0,1434
2309,-1,5,4,0,145590
2311,1,7,4,0,-60928
2333,-1,5,4,0,34878
2339,-1,11,4,0,-78300
2341,1,1,4,0,-18898
2347,1,7,4,0,66044
2351,-1,11,4,0,62112
2357,-1,5,4,0,5094
2371,1,7,4,0,200612
2377,1,1,4,0,-23686
2381,-1,5,4,0,-26418
2383,1,7,4,0,26408
2389,1,1,4,0,154190
2393,-1,5,4,0,15498
2399,-1,11,4,0,9600
2411,-1,11,4,0,-91908
2417,-1,5,4,0,-20766
2423,-1,11,4,0,-22632
2437,1,1,4,0,44894
2441,-1,5,4,0,-194118
2447,-1,11,4,0,-71856
2459,-1,11,4,0,-47940
2467,1,7,4,0,-189196
2473,1,1,4,0,217658
2477,-1,5,4,0,85134
2503,1,7,4,0,6608
2521,1,1,4,0,-41398
2531,-1,11,4,0,188292
2539,1,7,4,0,8300
2543,-1,11,4,0,42288
2549,-1,5,4,0,-123450
2551,1,7,4,0,202592
2557,1,1,4,0,249014
2579,-1,11,4,0,-184620
2591,-1,11,4,0,-196128
2593,1,1,4,0,122978
2609,-1,5,4,0,-143550
2617,1,1,4,0,49034
2621,-1,5,4,0,17742
2633,-1,5,4,0,242538
2647,1,7,4,0,75584
2657,-1,5,4,0,245154
2659,1,7,4,0,-77020
2663,-1,11,4,0,-67032
2671,1,7,4,0,-190888
2677,1,1,4,0,-57346
2683,1,7,4,0,-61972
2687,-1,11,4,0,-122736
2689,1,1,4,0,122690
2693,-1,5,4,0,-198042
2699,-1,11,4,0,-139140
2707,1,7,4,0,85844
2711,-1,11,4,0,199992
2713,1,1,4,0,-24982
2719,1,7,4,0,-248200
2729,-1,5,4,0,-37590
2731,1,7,4,0,-177748
2741,-1,5,4,0,-165738
2749,1,1,4,0,150950
2753,-1,5,4,0,-56142
2767,1,7,4,0,188264
2777,-1,5,4,0,-72966
2789,-1,5,4,0,-29610
2791,1,7,4,0,-47248
2797,1,1,4,0,-249946
2801,-1,5,4,0,-267198
2803,1,7,4,0,187508
2819,-1,11,4,0,164100
2833,1,1,4,0,-201742
2837,-1,5,4,0,-149226
2843,-1,11,4,0,272988
2851,1,7,4,0,-54268
2857,1,1,4,0,7994
2861,-1,5,4,0,44622
2879,-1,11,4,0,120960
2887,1,7,4,0,-223216
2897,-1,5,4,0,139554
2903,-1,11,4,0,200328
2909,-1,5,4,0,182190
2917,1,1,4,0,245054
2927,-1,11,4,0,-18096
2939,-1,11,4,0,61980
2953,1,1,4,0,-155302
2957,-1,5,4,0,-35346
2963,-1,11,4,0,-194892
2969,-1,5,4,0,-206550
2971,1,7,4,0,-83428
2999,-1,11,4,0,196680
3001,1,1,4,0,217802
3011,-1,11,4,0,183732
3019,1,7,4,0,48620
3023,-1,11,4,0,-258912
3037,1,1,4,0,-13786
3041,-1,5,4,0,108882
3049,1,1,4,0,296570
3061,1,1,4,0,-5938
3067,1,7,4,0,31484
3079,1,7,4,0,68960
3083,-1,11,4,0,-263892
3089,-1,5,4,0,227730
3109,1,1,4,0,-85570
3119,-1,11,4,0,-132960
3121,1,1,4,0,-137518
3137,-1,5,4,0,91554
3163,1,7,4,0,89228
3167,-1,11,4,0,98064
3169,1,1,4,0,-169630
3181,1,1,4,0,183782
3187,1,7,4,0,-86236
3191,-1,11,4,0,-153048
3203,-1,11,4,0,-77292
3209,-1,5,4,0,200490
3217,1,1,4,0,-100366
3221,-1,5,4,0,-218538
3229,1,1,4,0,-195370
3251,-1,11,4,0,-147948
3253,1,1,4,0,-260962
3257,-1,5,4,0,-197046
3259,1,7,4,0,173180
3271,1,7,4,0,89552
3299,-1,11,4,0,51540
3301,1,1,4,0,336062
3307,1,7,4,0,199244
3313,1,1,4,0,-30382
3319,1,7,4,0,-222640
3323,-1,11,4,0,-309012
3329,-1,5,4,0,76050
3331,1,7,4,0,68852
3343,1,7,4,0,-238552
3347,-1,11,4,0,-19836
3359,-1,11,4,0,89040
3361,1,1,4,0,185762
3371,-1,11,4,0,-275268
3373,1,1,4,0,89318
3389,-1,5,4,0,-180210
3391,1,7,4,0,-247048
3407,-1,11,4,0,324384
3413,-1,5,4,0,159798
3433,1,1,4,0,216218
3449,-1,5,4,0,151050
3457,1,1,4,0,45794
3461,-1,5,4,0,-351498
3463,1,7,4,0,-50272
3467,-1,11,4,0,303564
3469,1,1,4,0,28550
3491,-1,11,4,0,-59868
3499,1,7,4,0,52220
3511,1,7,4,0,6032
3517,1,1,4,0,-179386
3527,-1,11,4,0,-31176
3529,1,1,4,0,-87910
3533,-1,5,4,0,110958
3539,-1,11,4,0,148980
3541,1,1,4,0,152462
3547,1,7,4,0,-25396
3557,-1,5,4,0,-389706
3559,1,7,4,0,-391120
3571,1,7,4,0,-292588
3581,-1,5,4,0,415422
3583,1,7,4,0,400808
3593,-1,5,4,0,-148182
3607,1,7,4,0,-44656
3613,1,1,4,0,-131002
3617,-1,5,4,0,52434
3623,-1,11,4,0,-1992
3631,1,7,4,0,-233368
3637,1,1,4,0,-125026
3643,1,7,4,0,236108
3659,-1,11,4,0,84300
3671,-1,11,4,0,151272
3673,1,1,4,0,-314422
3677,-1,5,4,0,-184386
3691,1,7,4,0,262892
3697,1,1,4,0,-337966
3701,-1,5,4,0,129702
3709,1,1,4,0,73190
3719,-1,11,4,0,170760
3727,1,7,4,0,260264
3733,1,1,4,0,371198
3739,1,7,4,0,165260
3761,-1,5,4,0,-249678
3767,-1,11,4,0,-266376
3769,1,1,4,0,51050
3779,-1,11,4,0,-297900
3793,1,1,4,0,-243502
3797,-1,5,4,0,-17946
3803,-1,11,4,0,-239412
3821,-1,5,4,0,428622
3823,1,7,4,0,84728
3833,-1,5,4,0,181098
3847,1,7,4,0,223904
3851,-1,11,4,0,68652
3853,1,1,4,0,-44602
3863,-1,11,4,0,-294072
3877,1,1,4,0,-194146
3881,-1,5,4,0,268842
3889,1,1,4,0,120530
3907,1,7,4,0,-71116
3911,-1,11,4,0,337992
3917,-1,5,4,0,278094
3919,1,7,4,0,-70360
3923,-1,11,4,0,-377532
3929,-1,5,4,0,-194790
3931,1,7,4,0,-434068
3943,1,7,4,0,198128
3947,-1,11,4,0,396924
3967,1,7,4,0,209144
3989,-1,5,4,0,140070
4001,-1,5,4,0,-8958
4003,1,7,4,0,-228652
4007,-1,11,4,0,67944
4013,-1,5,4,0,-379602
4019,-1,11,4,0,217860
4021,1,1,4,0,-2338
4027,1,7,4,0,436124
4049,-1,5,4,0,143730
4051,1,7,4,0,302132
4057,1,1,4,0,282314
4073,-1,5,4,0,-176502
4079,-1,11,4,0,80400
4091,-1,11,4,0,204972
4093,1,1,4,0,48278
4099,1,7,4,0,38900
4111,1,7,4,0,-137608
4127,-1,11,4,0,-238656
4129,1,1,4,0,152930
4133,-1,5,4,0,-176442
4139,-1,11,4,0,-360900
4153,1,1,4,0,-387862
4157,-1,5,4,0,202734
4159,1,7,4,0,489800
4177,1,1,4,0,69554
4201,1,1,4,0,266042
4211,-1,11,4,0,465012
4217,-1,5,4,0,479274
4219,1,7,4,0,-531700
4229,-1,5,4,0,-402570
4231,1,7,4,0,-7648
4241,-1,5,4,0,356322
4243,1,7,4,0,-265372
4253,-1,5,4,0,-335442
4259,-1,11,4,0,71940
4261,1,1,4,0,225182
4271,-1,11,4,0,-381648
4273,1,1,4,0,453458
4283,-1,11,4,0,387468
4289,-1,5,4,0,-14430
4297,1,1,4,0,98714
4327,1,7,4,0,461504
4337,-1,5,4,0,12834
4339,1,7,4,0,29540
4349,-1,5,4,0,142590
4357,1,1,4,0,246494
4363,1,7,4,0,-87172
4373,-1,5,4,0,486918
4391,-1,11,4,0,194472
4397,-1,5,4,0,-201666
4409,-1,5,4,0,422730
4421,-1,5,4,0,-423258
4423,1,7,4,0,-284992
4441,1,1,4,0,-87478
4447,1,7,4,0,-526696
4451,-1,11,4,0,28212
4457,-1,5,4,0,-429126
4463,-1,11,4,0,-257472
4481,-1,5,4,0,-119358
4483,1,7,4,0,-303532
4493,-1,5,4,0,-193362
4507,1,7,4,0,201404
4513,1,1,4,0,97058
4517,-1,5,4,0,517734
4519,1,7,4,0,358400
4523,-1,11,4,0,37788
4547,-1,11,4,0,224724
4549,1,1,4,0,-33730
4561,1,1,4,0,-156238
4567,1,7,4,0,-138976
4583,-1,11,4,0,70248
4591,1,7,4,0,209432
4597,1,1,4,0,-327346
4603,1,7,4,0,315308
4621,1,1,4,0,262262
4637,-1,5,4,0,421374
4639,1,7,4,0,-574360
4643,-1,11,4,0,90468
4649,-1,5,4,0,282570
4651,1,7,4,0,-292948
4657,1,1,4,0,-1006
4663,1,7,4,0,-22192
4673,-1,5,4,0,1938
4679,-1,11,4,0,67320
4691,-1,11,4,0,155172
4703,-1,11,4,0,319488
4721,-1,5,4,0,-28398
4723,1,7,4,0,409988
4729,1,1,4,0,-506230
4733,-1,5,4,0,-142722
4751,-1,11,4,0,-308448
4759,1,7,4,0,-499120
4783,1,7,4,0,-530152
4787,-1,11,4,0,-251676
4789,1,1,4,0,-286450
4793,-1,5,4,0,250458
4799,-1,11,4,0,-466080
4801,1,1,4,0,-164158
4813,1,1,4,0,465878
4817,-1,5,4,0,327954
4831,1,7,4,0,359192
4861,1,1,4,0,413462
4871,-1,11,4,0,211512
4877,-1,5,4,0,-619506
4889,-1,5,4,0,-594150
4903,1,7,4,0,-76912
4909,1,1,4,0,34310
4919,-1,11,4,0,134520
4931,-1,11,4,0,-236268
4933,1,1,4,0,-101842
4937,-1,5,4,0,374874
4943,-1,11,4,0,-105792
4951,1,7,4,0,-474928
4957,1,1,4,0,-332746
4967,-1,11,4,0,387864
4969,1,1,4,0,374330
4973,-1,5,4,0,-681042
4987,1,7,4,0,391484
4993,1,1,4,0,-290302
4999,1,7,4,0,166160
5,-1,5,6,0,-66
7,1,7,6,0,176
11,-1,11,6,0,-60
13,1,1,6,0,-658
17,-1,5,6,0,-414
19,1,7,6,0,956
23,-1,11,6,0,600
29,-1,5,6,0,5574
31,1,7,6,0,-3592
37,1,1,6,0,-8458
41,-1,5,6,0,19194
43,1,7,6,0,13316
47,-1,11,6,0,-19680
53,-1,5,6,0,-31266
59,-1,11,6,0,26340
61,1,1,6,0,-31090
67,1,7,6,0,-16804
71,-1,11,6,0,6120
73,1,1,6,0,-25558
79,1,7,6,0,74408
83,-1,11,6,0,-6468
89,-1,5,6,0,-32742
97,1,1,6,0,166082
101,-1,5,6,0,-22002
103,1,7,6,0,-79264
107,-1,11,6,0,227988
109,1,1,6,0,-8530
113,-1,5,6,0,-195438
127,1,7,6,0,173000
131,-1,11,6,0,151260
137,-1,5,6,0,-128454
139,1,7,6,0,154196
149,-1,5,6,0,29454
151,1,7,6,0,-203872
157,1,1,6,0,136142
163,1,7,6,0,-171124
167,-1,11,6,0,-676200
173,-1,5,6,0,133158
179,-1,11,6,0,-693396
181,1,1,6,0,377174
191,-1,11,6,0,-265344
193,1,1,6,0,295298
197,-1,5,6,0,201294
199,1,7,6,0,652448
211,1,7,6,0,-1147060
223,1,7,6,0,701960
227,-1,11,6,0,1236108
229,1,1,6,0,105830
233,-1,5,6,0,-438678
239,-1,11,6,0,28464
241,1,1,6,0,892562
251,-1,11,6,0,-110124
257,-1,5,6,0,140802
263,-1,11,6,0,-938760
269,-1,5,6,0,-1114506
271,1,7,6,0,567704
277,1,1,6,0,-1213258
281,-1,5,6,0,687738
283,1,7,6,0,-830908
293,-1,5,6,0,-1312626
307,1,7,6,0,1690220
311,-1,11,6,0,-1502040
313,1,1,6,0,810842
317,-1,5,6,0,903558
331,1,7,6,0,1121972
337,1,1,6,0,-2752174
347,-1,11,6,0,1917492
349,1,1,6,0,1836590
353,-1,5,6,0,-622014
359,-1,11,6,0,3740616
367,1,7,6,0,16232
373,1,1,6,0,293606
379,1,7,6,0,3180116
383,-1,11,6,0,-2979840
389,-1,5,6,0,3459774
397,1,1,6,0,-3904162
401,-1,5,6,0,5441154
409,1,1,6,0,1969946
419,-1,11,6,0,139020
421,1,1,6,0,4327430
431,-1,11,6,0,-2799360
433,1,1,6,0,-5902414
439,1,7,6,0,-446512
443,-1,11,6,0,3495252
449,-1,5,6,0,-1206126
457,1,1,6,0,233546
461,-1,5,6,0,-1744890
463,1,7,6,0,-2917864
467,-1,11,6,0,-5310756
479,-1,11,6,0,2344656
487,1,7,6,0,9815312
491,-1,11,6,0,-5945196
499,1,7,6,0,6478316
503,-1,11,6,0,4717944
509,-1,5,6,0,-1907706
521,-1,5,6,0,8019738
523,1,7,6,0,1911620
541,1,1,6,0,-11990050
547,1,7,6,0,4458092
557,-1,5,6,0,9026118
563,-1,11,6,0,6848988
569,-1,5,6,0,-5463222
571,1,7,6,0,-10232380
577,1,1,6,0,15943682
587,-1,11,6,0,-9477132
593,-1,5,6,0,2453490
599,-1,11,6,0,-9299784
601,1,1,6,0,-11461702
607,1,7,6,0,11278376
613,1,1,6,0,93782
617,-1,5,6,0,-14964150
619,1,7,6,0,-5068876
631,1,7,6,0,15591872
641,-1,5,6,0,10970130
643,1,7,6,0,-2837044
647,-1,11,6,0,-6056856
653,-1,5,6,0,-1088922
659,-1,11,6,0,7418028
661,1,1,6,0,767654
673,1,1,6,0,1422626
677,-1,5,6,0,-6162306
683,-1,11,6,0,15062148
691,1,7,6,0,-5876356
701,-1,5,6,0,3600774
709,1,1,6,0,9225158
719,-1,11,6,0,-26392320
727,1,7,6,0,-9794848
733,1,1,6,0,4075838
739,1,7,6,0,-16570852
743,-1,11,6,0,14414136
751,1,7,6,0,16794440
757,1,1,6,0,13294262
761,-1,5,6,0,-2147862
769,1,1,6,0,-13105918
773,-1,5,6,0,-23715378
787,1,7,6,0,-8400484
797,-1,5,6,0,5410230
809,-1,5,6,0,-26077734
811,1,7,6,0,19002116
821,-1,5,6,0,-31017282
823,1,7,6,0,-15628960
827,-1,11,6,0,15842052
829,1,1,6,0,2061758
839,-1,11,6,0,30390024
853,1,1,6,0,-29773786
857,-1,5,6,0,8641002
859,1,7,6,0,-33566284
863,-1,11,6,0,39019104
877,1,1,6,0,-18138178
881,-1,5,6,0,30531186
883,1,7,6,0,-43553284
887,-1,11,6,0,-13415160
907,1,7,6,0,3108164
911,-1,11,6,0,1190352
919,1,7,6,0,-47199616
929,-1,5,6,0,1335954
937,1,1,6,0,14723786
941,-1,5,6,0,-26919642
947,-1,11,6,0,-3731604
953,-1,5,6,0,21873546
967,1,7,6,0,17602496
971,-1,11,6,0,16731684
977,-1,5,6,0,55538178
983,-1,11,6,0,-38678424
991,1,7,6,0,9584984
997,1,1,6,0,-10365034
1009,1,1,6,0,-15326638
1013,-1,5,6,0,-2400114
1019,-1,11,6,0,6185028
1021,1,1,6,0,-49247506
1031,-1,11,6,0,31599384
1033,1,1,6,0,44534570
1039,1,7,6,0,58310216
1049,-1,5,6,0,-41260422
1051,1,7,6,0,69004868
1061,-1,5,6,0,1073502
1063,1,7,6,0,42406112
1069,1,1,6,0,10636574
1087,1,7,6,0,-30311752
1091,-1,11,6,0,-72877812
1093,1,1,6,0,-17593210
1097,-1,5,6,0,-4900374
1103,-1,11,6,0,32915760
1109,-1,5,6,0,54190254
1117,1,1,6,0,49039742
1123,1,7,6,0,712508
1129,1,1,6,0,-73548694
1151,-1,11,6,0,12093696
1153,1,1,6,0,36530498
1163,-1,11,6,0,-15155628
1171,1,7,6,0,-10480948
1181,-1,5,6,0,71216310
1187,-1,11,6,0,-46421316
1193,-1,5,6,0,-15499254
1201,1,1,6,0,80400050
1213,1,1,6,0,15166814
1217,-1,5,6,0,35567490
1223,-1,11,6,0,101093976
1229,-1,5,6,0,-53886522
1231,1,7,6,0,-71197672
1237,1,1,6,0,2354678
1249,1,1,6,0,-46040926
1259,-1,11,6,0,-62451900
1277,-1,5,6,0,-11026170
1279,1,7,6,0,15583880
1283,-1,11,6,0,95301708
1289,-1,5,6,0,87798090
1291,1,7,6,0,-83244988
1297,1,1,6,0,38354258
1301,-1,5,6,0,75785262
1303,1,7,6,0,-54179536
1307,-1,11,6,0,7896900
1319,-1,11,6,0,-68570328
1321,1,1,6,0,-96508534
1327,1,7,6,0,89079560
1361,-1,5,6,0,-52890846
1367,-1,11,6,0,46727784
1373,-1,5,6,0,-132937194
1381,1,1,6,0,80891270
1399,1,7,6,0,63682640
1409,-1,5,6,0,-6919950
1423,1,7,6,0,-66683752
1427,-1,11,6,0,-50614788
1429,1,1,6,0,4946342
1433,-1,5,6,0,66766746
1439,-1,11,6,0,-92859120
1447,1,7,6,0,62179520
1451,-1,11,6,0,-52396332
1453,1,1,6,0,-89568658
1459,1,7,6,0,94457180
1471,1,7,6,0,50557544
1481,-1,5,6,0,108395178
1483,1,7,6,0,72794372
1487,-1,11,6,0,-84509664
1489,1,1,6,0,-60806350
1493,-1,5,6,0,57180366
1499,-1,11,6,0,84863508
1511,-1,11,6,0,-57666168
1523,-1,11,6,0,43822236
1531,1,7,6,0,55033220
1543,1,7,6,0,89499248
1549,1,1,6,0,87949118
1553,-1,5,6,0,39559506
1559,-1,11,6,0,160722552
1567,1,7,6,0,-82349512
1571,-1,11,6,0,78933084
1579,1,7,6,0,-34183468
1583,-1,11,6,0,-51019344
1597,1,1,6,0,78276158
1601,-1,5,6,0,-104437854
1607,-1,11,6,0,104077032
1609,1,1,6,0,-180401494
1613,-1,5,6,0,-183988554
1619,-1,11,6,0,-135176148
1621,1,1,6,0,-111151114
1627,1,7,6,0,-35388508
1637,-1,5,6,0,-24678738
1657,1,1,6,0,-102038758
1663,1,7,6,0,-16592440
1667,-1,11,6,0,90300828
1669,1,1,6,0,58884902
1693,1,1,6,0,-31358194
1697,-1,5,6,0,50403282
1699,1,7,6,0,-17135716
1709,-1,5,6,0,-109142010
1721,-1,5,6,0,145435962
1723,1,7,6,0,-217276876
1733,-1,5,6,0,-34810626
1741,1,1,6,0,88169246
1747,1,7,6,0,104448620
1753,1,1,6,0,-18036166
1759,1,7,6,0,-127777960
1777,1,1,6,0,86618546
1783,1,7,6,0,129914768
1787,-1,11,6,0,-124533516
1789,1,1,6,0,-158124082
1801,1,1,6,0,59282858
1811,-1,11,6,0,-74600340
1823,-1,11,6,0,140748432
1831,1,7,6,0,35859680
1847,-1,11,6,0,-112601832
1861,1,1,6,0,-194050570
1867,1,7,6,0,157434596
1871,-1,11,6,0,184801104
1873,1,1,6,0,-47957326
1877,-1,5,6,0,-86917458
1879,1,7,6,0,79612448
1889,-1,5,6,0,-26687934
1901,-1,5,6,0,37892550
1907,-1,11,6,0,55124460
1913,-1,5,6,0,230903034
1931,-1,11,6,0,-237963180
1933,1,1,6,0,-198699394
1949,-1,5,6,0,-120638442
1951,1,7,6,0,-280168024
1973,-1,5,6,0,271671582
1979,-1,11,6,0,314239860
1987,1,7,6,0,50615852
1993,1,1,6,0,169836650
1997,-1,5,6,0,-121845978
1999,1,7,6,0,165519560
2003,-1,11,6,0,-280374708
2011,1,7,6,0,106271828
2017,1,1,6,0,314137154
2027,-1,11,6,0,-282596892
2029,1,1,6,0,269653454
2039,-1,11,6,0,245242968
2053,1,1,6,0,267256694
2063,-1,11,6,0,224602032
2069,-1,5,6,0,274803966
2081,-1,5,6,0,-129917454
2083,1,7,6,0,-119094868
2087,-1,11,6,0,-96145992
2089,1,1,6,0,-10248694
2099,-1,11,6,0,-268974132
2111,-1,11,6,0,380189904
2113,1,1,6,0,338688770
2129,-1,5,6,0,-256543950
2131,1,7,6,0,-67703476
2137,1,1,6,0,-228632518
2141,-1,5,6,0,-81075834
2143,1,7,6,0,-253261384
2153,-1,5,6,0,-181632966
2161,1,1,6,0,-328443118
2179,1,7,6,0,59611340
2203,1,7,6,0,327209684
2207,-1,11,6,0,344787168
2213,-1,5,6,0,-177756066
2221,1,1,6,0,29330222
2237,-1,5,6,0,402617526
2239,1,7,6,0,68534312
2243,-1,11,6,0,-173703300
2251,1,7,6,0,-359802412
2267,-1,11,6,0,-260819244
2269,1,1,6,0,93198926
2273,-1,5,6,0,-218038782
2281,1,1,6,0,-117341686
2287,1,7,6,0,16163480
2293,1,1,6,0,171839174
2297,-1,5,6,0,-9740022
2309,-1,5,6,0,56169582
2311,1,7,6,0,-225865120
2333,-1,5,6,0,105100518
2339,-1,11,6,0,-60300756
2341,1,1,6,0,214202918
2347,1,7,6,0,-335148844
2351,-1,11,6,0,205006368
2357,-1,5,6,0,262532862
2371,1,7,6,0,-114689620
2377,1,1,6,0,82573130
2381,-1,5,6,0,-344564778
2383,1,7,6,0,214957112
2389,1,1,6,0,-280015066
2393,-1,5,6,0,64262394
2399,-1,11,6,0,-536671488
2411,-1,11,6,0,34643412
2417,-1,5,6,0,-133340286
2423,-1,11,6,0,13732392
2437,1,1,6,0,-109198570
2441,-1,5,6,0,-289362678
2447,-1,11,6,0,255576240
2459,-1,11,6,0,-129080940
2467,1,7,6,0,279872732
2473,1,1,6,0,-389435062
2477,-1,5,6,0,435560790
2503,1,7,6,0,-156936112
2521,1,1,6,0,475554746
2531,-1,11,6,0,34835916
2539,1,7,6,0,-483381916
2543,-1,11,6,0,45054672
2549,-1,5,6,0,-3584418
2551,1,7,6,0,531304640
2557,1,1,6,0,-480935842
2579,-1,11,6,0,244960764
2591,-1,11,6,0,473633568
2593,1,1,6,0,406618274
2609,-1,5,6,0,297322722
2617,1,1,6,0,-373236934
2621,-1,5,6,0,30900918
2633,-1,5,6,0,19103226
2647,1,7,6,0,118841312
2657,-1,5,6,0,359587938
2659,1,7,6,0,650502188
2663,-1,11,6,0,-622609128
2671,1,7,6,0,16848968
2677,1,1,6,0,-194291434
2683,1,7,6,0,-4410268
2687,-1,11,6,0,-542804304
2689,1,1,6,0,159539522
2693,-1,5,6,0,640721694
2699,-1,11,6,0,116268372
2707,1,7,6,0,-605144452
2711,-1,11,6,0,-284134776
2713,1,1,6,0,-183521062
2719,1,7,6,0,193659752
2729,-1,5,6,0,-632961798
2731,1,7,6,0,564867620
2741,-1,5,6,0,59527086
2749,1,1,6,0,-118691506
2753,-1,5,6,0,-394865550
2767,1,7,6,0,-224410888
2777,-1,5,6,0,-644836566
2789,-1,5,6,0,-635837490
2791,1,7,6,0,-17110096
2797,1,1,6,0,168228014
2801,-1,5,6,0,371278434
2803,1,7,6,0,-69505444
2819,-1,11,6,0,604745292
2833,1,1,6,0,-720944878
2837,-1,5,6,0,142904046
2843,-1,11,6,0,-661129740
2851,1,7,6,0,-265467316
2857,1,1,6,0,450993482
2861,-1,5,6,0,-431408106
2879,-1,11,6,0,261454464
2887,1,7,6,0,198750992
2897,-1,5,6,0,-189979902
2903,-1,11,6,0,-673839624
2909,-1,5,6,0,-85286058
2917,1,1,6,0,870776246
2927,-1,11,6,0,112161072
2939,-1,11,6,0,274409268
2953,1,1,6,0,-214654678
2957,-1,5,6,0,609534582
2963,-1,11,6,0,369797916
2969,-1,5,6,0,395106714
2971,1,7,6,0,-812417740
2999,-1,11,6,0,-120774984
3001,1,1,6,0,-234461062
3011,-1,11,6,0,267109404
3019,1,7,6,0,192708836
3023,-1,11,6,0,-135662688
3037,1,1,6,0,-328183282
3041,-1,5,6,0,407329362
3049,1,1,6,0,139449866
3061,1,1,6,0,849405926
3067,1,7,6,0,728945492
3079,1,7,6,0,56653184
3083,-1,11,6,0,-647605596
3089,-1,5,6,0,-922273998
3109,1,1,6,0,729372086
3119,-1,11,6,0,-6548448
3121,1,1,6,0,-184796878
3137,-1,5,6,0,-249599838
3163,1,7,6,0,-630038332
3167,-1,11,6,0,32807088
3169,1,1,6,0,147170594
3181,1,1,6,0,-618277906
3187,1,7,6,0,1006270508
3191,-1,11,6,0,91386456
3203,-1,11,6,0,-409172292
3209,-1,5,6,0,488788026
3217,1,1,6,0,876665618
3221,-1,5,6,0,695400750
3229,1,1,6,0,-992468290
3251,-1,11,6,0,-3121476
3253,1,1,6,0,154018358
3257,-1,5,6,0,-900632070
3259,1,7,6,0,795639764
3271,1,7,6,0,-404130736
3299,-1,11,6,0,93347196
3301,1,1,6,0,244650038
3307,1,7,6,0,471796100
3313,1,1,6,0,-956676814
3319,1,7,6,0,664647440
3323,-1,11,6,0,908966244
3329,-1,5,6,0,1206343890
3331,1,7,6,0,-1106729764
3343,1,7,6,0,-401521096
3347,-1,11,6,0,-1213414452
3359,-1,11,6,0,-449658384
3361,1,1,6,0,951419618
3371,-1,11,6,0,30917652
3373,1,1,6,0,557055086
3389,-1,5,6,0,-635765898
3391,1,7,6,0,353993576
3407,-1,11,6,0,342657312
3413,-1,5,6,0,559201422
3433,1,1,6,0,356373674
3449,-1,5,6,0,733536570
3457,1,1,6,0,-1158049438
3461,-1,5,6,0,-635663442
3463,1,7,6,0,75864128
3467,-1,11,6,0,58093572
3469,1,1,6,0,-80607538
3491,-1,11,6,0,771908652
3499,1,7,6,0,-1420461868
3511,1,7,6,0,-904847920
3517,1,1,6,0,523111406
3527,-1,11,6,0,305717832
3529,1,1,6,0,-335138326
3533,-1,5,6,0,1127529078
3539,-1,11,6,0,-797144100
3541,1,1,6,0,250564454
3547,1,7,6,0,959152772
3557,-1,5,6,0,-1221680850
3559,1,7,6,0,-1443652624
3571,1,7,6,0,-480612676
3581,-1,5,6,0,-366463962
3583,1,7,6,0,36558200
3593,-1,5,6,0,-1136164038
3607,1,7,6,0,-380315056
3613,1,1,6,0,-422618194
3617,-1,5,6,0,-812387502
3623,-1,11,6,0,1386980808
3631,1,7,6,0,587026808
3637,1,1,6,0,-480776650
3643,1,7,6,0,1145626628
3659,-1,11,6,0,-232892796
3671,-1,11,6,0,-1621045224
3673,1,1,6,0,-91009222
3677,-1,5,6,0,468937446
3691,1,7,6,0,948327140
3697,1,1,6,0,1192047026
3701,-1,5,6,0,1465812030
3709,1,1,6,0,-333887218
3719,-1,11,6,0,-1473231048
3727,1,7,6,0,-72489544
3733,1,1,6,0,443801174
3739,1,7,6,0,-514734652
3761,-1,5,6,0,-27923310
3767,-1,11,6,0,229713864
3769,1,1,6,0,-532396390
3779,-1,11,6,0,800182908
3793,1,1,6,0,-116856334
3797,-1,5,6,0,1389348414
3803,-1,11,6,0,-312288636
3821,-1,5,6,0,287749014
3823,1,7,6,0,-725700568
3833,-1,5,6,0,-512228070
3847,1,7,6,0,-402150592
3851,-1,11,6,0,40959396
3853,1,1,6,0,727848974
3863,-1,11,6,0,-1240370376
3877,1,1,6,0,426902
3881,-1,5,6,0,-913446150
3889,1,1,6,0,723420722
3907,1,7,6,0,-679409764
3911,-1,11,6,0,-782542344
3917,-1,5,6,0,-737631402
3919,1,7,6,0,-274681288
3923,-1,11,6,0,786027276
3929,-1,5,6,0,1299644106
3931,1,7,6,0,533015780
3943,1,7,6,0,1565363504
3947,-1,11,6,0,-1454111148
3967,1,7,6,0,537573992
3989,-1,5,6,0,-285710082
4001,-1,5,6,0,-545354814
4003,1,7,6,0,-876837892
4007,-1,11,6,0,1073194968
4013,-1,5,6,0,431411958
4019,-1,11,6,0,1439466828
4021,1,1,6,0,-1201173898
4027,1,7,6,0,-1220842828
4049,-1,5,6,0,64774674
4051,1,7,6,0,-1622457700
4057,1,1,6,0,-1319492038
4073,-1,5,6,0,233385306
4079,-1,11,6,0,-1189884048
4091,-1,11,6,0,1570139556
4093,1,1,6,0,1050729278
4099,1,7,6,0,-160546852
4111,1,7,6,0,1081222952
4127,-1,11,6,0,-177515328
4129,1,1,6,0,1889708450
4133,-1,5,6,0,-845688642
4139,-1,11,6,0,1542677652
4153,1,1,6,0,1718615834
4157,-1,5,6,0,-812364714
4159,1,7,6,0,149460824
4177,1,1,6,0,-1183263406
4201,1,1,6,0,-1511539510
4211,-1,11,6,0,-240967332
4217,-1,5,6,0,-548591142
4219,1,7,6,0,-354785980
4229,-1,5,6,0,-561309138
4231,1,7,6,0,1737652160
4241,-1,5,6,0,-1624209342
4243,1,7,6,0,-468836884
4253,-1,5,6,0,229997526
4259,-1,11,6,0,1935632460
4261,1,1,6,0,-2134325098
4271,-1,11,6,0,-376860720
4273,1,1,6,0,-379488334
4283,-1,11,6,0,1230344388
4289,-1,5,6,0,1393089954
4297,1,1,6,0,1317665258
4327,1,7,6,0,258898208
4337,-1,5,6,0,514163394
4339,1,7,6,0,-618487828
4349,-1,5,6,0,-71493018
4357,1,1,6,0,1032837014
4363,1,7,6,0,-1454714284
4373,-1,5,6,0,-1311686946
4391,-1,11,6,0,495728280
4397,-1,5,6,0,125442438
4409,-1,5,6,0,-2473881606
4421,-1,5,6,0,-752784162
4423,1,7,6,0,394608032
4441,1,1,6,0,-2083293766
4447,1,7,6,0,-1310542648
4451,-1,11,6,0,-11998308
4457,-1,5,6,0,1179039306
4463,-1,11,6,0,1019764224
4481,-1,5,6,0,-1226372670
4483,1,7,6,0,1616309372
4493,-1,5,6,0,-1188397770
4507,1,7,6,0,-1656023404
4513,1,1,6,0,360179810
4517,-1,5,6,0,1153262430
4519,1,7,6,0,-1295114272
4523,-1,11,6,0,598489908
4547,-1,11,6,0,-586240260
4549,1,1,6,0,1275675254
4561,1,1,6,0,-877683118
4567,1,7,6,0,1626238592
4583,-1,11,6,0,-1110669864
4591,1,7,6,0,-789260920
4597,1,1,6,0,1039679078
4603,1,7,6,0,2334216356
4621,1,1,6,0,-2493043138
4637,-1,5,6,0,1382621862
4639,1,7,6,0,397575224
4643,-1,11,6,0,435065580
4649,-1,5,6,0,512827674
4651,1,7,6,0,-520752604
4657,1,1,6,0,-2030972302
4663,1,7,6,0,-425562352
4673,-1,5,6,0,-835213614
4679,-1,11,6,0,1162511496
4691,-1,11,6,0,-1889146068
4703,-1,11,6,0,-946872192
4721,-1,5,6,0,438763506
4723,1,7,6,0,-16316212
4729,1,1,6,0,-136941382
4733,-1,5,6,0,1568446182
4751,-1,11,6,0,2167674912
4759,1,7,6,0,955470992
4783,1,7,6,0,-135619192
4787,-1,11,6,0,-693333396
4789,1,1,6,0,2626628006
4793,-1,5,6,0,-169836726
4799,-1,11,6,0,2348166432
4801,1,1,6,0,64546370
4813,1,1,6,0,887481374
4817,-1,5,6,0,-2281242318
4831,1,7,6,0,1032055880
4861,1,1,6,0,-1015808578
4871,-1,11,6,0,-678987960
4877,-1,5,6,0,-1513314666
4889,-1,5,6,0,3029941578
4903,1,7,6,0,161414672
4909,1,1,6,0,1842987662
4919,-1,11,6,0,-660740664
4931,-1,11,6,0,-2027029572
4933,1,1,6,0,2198083430
4937,-1,5,6,0,-2335062
4943,-1,11,6,0,339068928
4951,1,7,6,0,1232290064
4957,1,1,6,0,-641189218
4967,-1,11,6,0,2262516840
4969,1,1,6,0,1303318730
4973,-1,5,6,0,-2558302986
4987,1,7,6,0,2707649300
4993,1,1,6,0,2367231746
4999,1,7,6,0,2560386320
